source_row,year,month,day,hour,PM2.5,PM10,SO2,NO2,CO,O3,TEMP,PRES,DEWP,RAIN,wd,WSPM,station
1,2013,3,1,0,4.0,4.0,4.0,7.0,300.0,77.0,-0.7,1023.0,-18.8,0.0,NNW,4.4,Aotizhongxin
2,2013,3,1,1,8.0,8.0,4.0,7.0,300.0,77.0,-1.1,1023.2,-18.2,0.0,N,4.7,Aotizhongxin
3,2013,3,1,2,7.0,7.0,5.0,10.0,300.0,73.0,-1.1,1023.5,-18.2,0.0,NNW,5.6,Aotizhongxin
4,2013,3,1,3,6.0,6.0,11.0,11.0,300.0,72.0,-1.4,1024.5,-19.4,0.0,NW,3.1,Aotizhongxin
5,2013,3,1,4,3.0,3.0,12.0,12.0,300.0,72.0,-2.0,1025.2,-19.5,0.0,N,2.0,Aotizhongxin
6,2013,3,1,5,5.0,5.0,18.0,18.0,400.0,66.0,-2.2,1025.6,-19.6,0.0,N,3.7,Aotizhongxin
7,2013,3,1,6,3.0,3.0,18.0,32.0,500.0,50.0,-2.6,1026.5,-19.1,0.0,NNE,2.5,Aotizhongxin
8,2013,3,1,7,3.0,6.0,19.0,41.0,500.0,43.0,-1.6,1027.4,-19.1,0.0,NNW,3.8,Aotizhongxin
9,2013,3,1,8,3.0,6.0,16.0,43.0,500.0,45.0,0.1,1028.3,-19.2,0.0,NNW,4.1,Aotizhongxin
10,2013,3,1,9,3.0,8.0,12.0,28.0,400.0,59.0,1.2,1028.5,-19.3,0.0,N,2.6,Aotizhongxin
11,2013,3,1,10,3.0,6.0,9.0,12.0,400.0,72.0,1.9,1028.2,-19.4,0.0,NNW,3.6,Aotizhongxin
12,2013,3,1,11,3.0,6.0,9.0,14.0,400.0,71.0,2.9,1028.2,-20.5,0.0,N,3.7,Aotizhongxin
13,2013,3,1,12,3.0,6.0,7.0,13.0,300.0,74.0,3.9,1027.3,-19.7,0.0,NNW,5.1,Aotizhongxin
14,2013,3,1,13,3.0,6.0,7.0,12.0,400.0,76.0,5.3,1026.2,-19.3,0.0,NW,4.3,Aotizhongxin
15,2013,3,1,14,6.0,9.0,7.0,11.0,400.0,77.0,6.0,1025.9,-19.6,0.0,NW,4.4,Aotizhongxin
16,2013,3,1,15,8.0,15.0,7.0,14.0,400.0,76.0,6.2,1025.7,-18.6,0.0,NNE,2.8,Aotizhongxin
17,2013,3,1,16,9.0,19.0,9.0,13.0,400.0,76.0,5.9,1025.6,-18.1,0.0,NNW,3.9,Aotizhongxin
18,2013,3,1,17,10.0,23.0,11.0,15.0,400.0,74.0,4.3,1026.3,-18.7,0.0,NNE,2.8,Aotizhongxin
19,2013,3,1,18,11.0,20.0,8.0,20.0,500.0,70.0,3.1,1027.4,-18.4,0.0,NNE,2.1,Aotizhongxin
20,2013,3,1,19,8.0,14.0,12.0,30.0,500.0,60.0,2.3,1028.3,-18.4,0.0,N,2.8,Aotizhongxin
21,2013,3,1,20,11.0,17.0,13.0,33.0,600.0,55.0,1.7,1029.1,-17.3,0.0,N,2.1,Aotizhongxin
22,2013,3,1,21,12.0,18.0,16.0,35.0,500.0,50.0,0.6,1030.1,-16.7,0.0,ENE,0.8,Aotizhongxin
23,2013,3,1,22,15.0,19.0,21.0,57.0,700.0,32.0,0.9,1030.5,-17.4,0.0,ENE,1.8,Aotizhongxin
24,2013,3,1,23,24.0,24.0,26.0,54.0,600.0,36.0,-0.2,1030.5,-17.4,0.0,ENE,1.4,Aotizhongxin
25,2013,3,2,0,22.0,24.0,24.0,44.0,500.0,44.0,-0.4,1031.0,-17.6,0.0,ENE,1.4,Aotizhongxin
26,2013,3,2,1,14.0,17.0,21.0,36.0,400.0,50.0,-1.0,1031.3,-17.3,0.0,NNE,1.1,Aotizhongxin
27,2013,3,2,2,13.0,13.0,20.0,37.0,400.0,47.0,-1.5,1030.9,-16.9,0.0,E,1.7,Aotizhongxin
28,2013,3,2,3,3.0,9.0,13.0,34.0,400.0,52.0,-1.4,1030.6,-17.6,0.0,NNE,1.4,Aotizhongxin
29,2013,3,2,4,3.0,7.0,18.0,43.0,400.0,43.0,-1.5,1030.8,-17.7,0.0,NNW,0.9,Aotizhongxin
30,2013,3,2,5,9.0,11.0,19.0,70.0,500.0,20.0,-1.8,1030.1,-17.5,0.0,NNE,2.0,Aotizhongxin
31,2013,3,2,6,4.0,10.0,28.0,46.0,500.0,39.0,-2.5,1029.6,-17.7,0.0,NW,0.7,Aotizhongxin
32,2013,3,2,7,3.0,11.0,34.0,58.0,500.0,27.0,-1.7,1029.8,-17.0,0.0,NE,1.2,Aotizhongxin
33,2013,3,2,8,3.0,7.0,21.0,49.0,500.0,43.0,-0.4,1029.6,-17.6,0.0,NE,1.8,Aotizhongxin
34,2013,3,2,9,10.0,14.0,47.0,62.0,700.0,29.0,0.6,1029.7,-16.7,0.0,NE,1.7,Aotizhongxin
35,2013,3,2,10,11.0,19.0,36.0,60.0,600.0,34.0,1.7,1028.9,-16.3,0.0,W,1.6,Aotizhongxin
36,2013,3,2,11,18.0,29.0,36.0,70.0,800.0,27.0,2.2,1028.2,-16.8,0.0,SSW,3.1,Aotizhongxin
37,2013,3,2,12,26.0,30.0,25.0,76.0,900.0,22.0,2.7,1027.3,-16.4,0.0,WSW,2.7,Aotizhongxin
38,2013,3,2,13,25.0,33.0,20.0,57.0,700.0,39.0,3.3,1025.7,-16.4,0.0,W,1.5,Aotizhongxin
39,2013,3,2,14,26.0,35.0,22.0,54.0,700.0,43.0,3.8,1024.8,-16.0,0.0,SE,1.3,Aotizhongxin
40,2013,3,2,15,37.0,40.0,24.0,55.0,700.0,44.0,3.9,1024.1,-16.5,0.0,WNW,1.2,Aotizhongxin
41,2013,3,2,16,37.0,46.0,29.0,63.0,1000.0,38.0,3.5,1023.6,-15.2,0.0,WSW,2.5,Aotizhongxin
42,2013,3,2,17,44.0,58.0,45.0,77.0,1200.0,30.0,2.2,1023.4,-13.6,0.0,SSE,0.4,Aotizhongxin
43,2013,3,2,18,54.0,79.0,50.0,80.0,1100.0,24.0,1.2,1023.2,-12.3,0.0,W,0.9,Aotizhongxin
44,2013,3,2,19,61.0,86.0,50.0,97.0,1300.0,10.0,1.5,1022.9,-13.8,0.0,NE,1.2,Aotizhongxin
45,2013,3,2,20,67.0,96.0,54.0,108.0,1399.0,2.0,1.2,1022.9,-14.1,0.0,NNE,1.2,Aotizhongxin
46,2013,3,2,21,74.0,103.0,72.0,107.0,1399.0,2.0,0.6,1022.6,-14.2,0.0,NE,1.3,Aotizhongxin
47,2013,3,2,22,81.0,113.0,84.0,110.0,1500.0,3.0,-0.6,1022.3,-13.9,0.0,NNE,1.4,Aotizhongxin
48,2013,3,2,23,93.0,120.0,87.0,107.0,1700.0,2.0,-0.8,1021.1,-13.4,0.0,N,1.3,Aotizhongxin
49,2013,3,3,0,112.0,130.0,73.0,100.0,1899.0,2.0,-1.4,1020.4,-13.0,0.0,NNE,1.2,Aotizhongxin
50,2013,3,3,1,109.0,132.0,80.0,101.0,2200.0,2.0,-2.0,1019.4,-13.2,0.0,NE,1.2,Aotizhongxin
51,2013,3,3,2,110.0,132.0,98.0,99.0,2399.0,2.0,-2.8,1018.3,-12.3,0.0,NE,1.4,Aotizhongxin
52,2013,3,3,3,105.0,129.0,88.0,100.0,2500.0,2.0,-2.6,1017.2,-13.2,0.0,NE,1.2,Aotizhongxin
53,2013,3,3,4,106.0,136.0,79.0,92.0,2799.0,2.0,-4.3,1016.9,-11.8,0.0,NNE,0.9,Aotizhongxin
54,2013,3,3,5,101.0,135.0,64.0,87.0,2399.0,2.0,-5.6,1016.3,-10.9,0.0,N,0.8,Aotizhongxin
55,2013,3,3,6,91.0,142.0,67.0,87.0,2100.0,2.0,-5.8,1016.2,-11.0,0.0,NNE,0.8,Aotizhongxin
56,2013,3,3,7,79.0,116.0,83.0,91.0,2000.0,2.0,-3.1,1016.5,-11.1,0.0,NE,1.5,Aotizhongxin
57,2013,3,3,8,77.0,110.0,123.0,90.0,2299.0,2.0,0.7,1016.2,-13.0,0.0,NNE,2.3,Aotizhongxin
58,2013,3,3,9,83.0,119.0,135.0,90.0,2600.0,3.0,3.5,1015.8,-13.8,0.0,NNE,0.4,Aotizhongxin
59,2013,3,3,10,94.0,122.0,116.0,90.0,1800.0,9.0,6.5,1014.9,-13.2,0.0,N,1.3,Aotizhongxin
60,2013,3,3,11,96.0,117.0,89.0,93.0,1600.0,14.0,11.4,1013.8,-10.8,0.0,ESE,0.9,Aotizhongxin
61,2013,3,3,12,91.0,108.0,77.0,99.0,1600.0,14.0,13.8,1012.5,-13.3,0.0,W,1.1,Aotizhongxin
62,2013,3,3,13,98.0,134.0,50.0,81.0,1200.0,33.0,16.0,1011.5,-13.5,0.0,W,5.9,Aotizhongxin
63,2013,3,3,14,72.0,106.0,31.0,57.0,900.0,51.0,16.7,1010.8,-14.0,0.0,WNW,4.3,Aotizhongxin
64,2013,3,3,15,48.0,114.0,14.0,17.0,500.0,77.0,16.9,1010.5,-12.7,0.0,WNW,2.0,Aotizhongxin
65,2013,3,3,16,28.0,100.0,12.0,17.0,400.0,77.0,16.4,1010.6,-15.4,0.0,NW,2.9,Aotizhongxin
66,2013,3,3,17,26.0,103.0,9.0,19.0,400.0,73.0,13.1,1011.1,-10.1,0.0,WSW,1.7,Aotizhongxin
67,2013,3,3,18,24.0,82.0,8.0,27.0,500.0,66.0,8.7,1012.3,-11.3,0.0,NW,1.6,Aotizhongxin
68,2013,3,3,19,19.0,71.0,26.0,98.0,1300.0,11.0,12.2,1013.4,-13.7,0.0,NNW,2.0,Aotizhongxin
69,2013,3,3,20,60.0,175.0,64.0,135.0,2000.0,4.0,11.7,1013.5,-12.6,0.0,N,0.9,Aotizhongxin
70,2013,3,3,21,117.0,181.0,28.0,100.0,1100.0,5.0,5.3,1013.6,-10.9,0.0,N,0.0,Aotizhongxin
71,2013,3,3,22,54.0,105.0,28.0,90.0,1200.0,2.0,3.1,1014.1,-10.2,0.0,NNE,1.8,Aotizhongxin
72,2013,3,3,23,46.0,94.0,29.0,84.0,1200.0,2.0,5.2,1014.8,-10.6,0.0,NNW,1.7,Aotizhongxin
73,2013,3,4,0,42.0,83.0,51.0,86.0,1300.0,4.0,7.7,1015.7,-11.1,0.0,N,2.6,Aotizhongxin
74,2013,3,4,1,49.0,80.0,39.0,64.0,1000.0,25.0,8.2,1016.7,-11.7,0.0,N,2.8,Aotizhongxin
75,2013,3,4,2,34.0,62.0,,14.0,300.0,68.0,8.1,1016.7,-11.8,0.0,N,4.3,Aotizhongxin
76,2013,3,4,3,12.0,34.0,6.0,12.0,,77.0,7.2,1016.9,-11.6,0.0,N,2.8,Aotizhongxin
77,2013,3,4,4,7.0,18.0,14.0,,400.0,42.0,6.0,1018.0,-11.6,0.0,NNW,1.0,Aotizhongxin
78,2013,3,4,5,10.0,24.0,18.0,45.0,400.0,40.0,2.7,1018.6,-10.9,0.0,SSE,0.5,Aotizhongxin
79,2013,3,4,6,13.0,32.0,24.0,65.0,500.0,22.0,3.8,1018.9,-11.4,0.0,N,2.3,Aotizhongxin
80,2013,3,4,7,14.0,36.0,30.0,70.0,600.0,17.0,6.5,1019.7,-10.7,0.0,N,2.3,Aotizhongxin
81,2013,3,4,8,13.0,35.0,38.0,70.0,700.0,21.0,9.0,1020.7,-12.2,0.0,NE,3.1,Aotizhongxin
82,2013,3,4,9,15.0,32.0,26.0,36.0,500.0,52.0,10.6,1020.8,-12.1,0.0,NNE,1.3,Aotizhongxin
83,2013,3,4,10,16.0,24.0,22.0,36.0,600.0,57.0,11.9,1020.4,-12.4,0.0,NE,2.1,Aotizhongxin
84,2013,3,4,11,18.0,33.0,18.0,27.0,400.0,68.0,13.1,1020.0,-13.0,0.0,NE,3.0,Aotizhongxin
85,2013,3,4,12,13.0,28.0,12.0,14.0,400.0,77.0,14.2,1018.9,-13.9,0.0,N,2.7,Aotizhongxin
86,2013,3,4,13,3.0,12.0,7.0,12.0,300.0,82.0,15.3,1017.8,-13.0,0.0,S,2.0,Aotizhongxin
87,2013,3,4,14,3.0,10.0,8.0,13.0,400.0,84.0,15.2,1017.0,-13.1,0.0,SW,0.7,Aotizhongxin
88,2013,3,4,15,10.0,13.0,9.0,15.0,400.0,84.0,15.3,1016.3,-13.0,0.0,SSW,2.4,Aotizhongxin
89,2013,3,4,16,14.0,20.0,10.0,34.0,500.0,70.0,14.5,1015.7,-13.7,0.0,S,2.6,Aotizhongxin
90,2013,3,4,17,20.0,33.0,14.0,40.0,500.0,78.0,12.7,1015.9,-11.8,0.0,SW,2.6,Aotizhongxin
91,2013,3,4,18,25.0,44.0,13.0,43.0,600.0,75.0,11.6,1016.5,-11.3,0.0,SSW,3.4,Aotizhongxin
92,2013,3,4,19,31.0,63.0,17.0,61.0,700.0,53.0,10.9,1016.6,-10.6,0.0,SW,3.5,Aotizhongxin
93,2013,3,4,20,34.0,84.0,18.0,76.0,800.0,40.0,9.9,1016.9,-10.3,0.0,SSW,3.1,Aotizhongxin
94,2013,3,4,21,40.0,85.0,40.0,76.0,800.0,39.0,8.4,1016.9,-10.0,0.0,SSW,2.1,Aotizhongxin
95,2013,3,4,22,51.0,91.0,46.0,85.0,1000.0,31.0,8.6,1016.3,-9.9,0.0,SSW,2.4,Aotizhongxin
96,2013,3,4,23,58.0,94.0,46.0,86.0,1100.0,84.0,7.7,1015.7,-9.3,0.0,SW,2.1,Aotizhongxin
97,2013,3,5,0,71.0,108.0,66.0,78.0,1100.0,84.0,4.7,1015.2,-9.1,0.0,SW,1.6,Aotizhongxin
98,2013,3,5,1,91.0,127.0,75.0,75.0,1200.0,84.0,1.1,1014.7,-7.9,0.0,SW,0.0,Aotizhongxin
99,2013,3,5,2,100.0,129.0,58.0,79.0,1200.0,84.0,-0.6,1014.4,-8.1,0.0,S,0.0,Aotizhongxin
100,2013,3,5,3,103.0,130.0,66.0,83.0,1399.0,84.0,0.2,1014.0,-8.8,0.0,NE,1.2,Aotizhongxin
101,2013,3,5,4,115.0,151.0,76.0,92.0,2299.0,84.0,1.8,1013.7,-9.5,0.0,NE,1.5,Aotizhongxin
102,2013,3,5,5,117.0,153.0,91.0,91.0,2399.0,84.0,0.6,1013.9,-9.4,0.0,N,0.8,Aotizhongxin
103,2013,3,5,6,104.0,145.0,94.0,89.0,2200.0,84.0,-0.2,1013.4,-8.6,0.0,NE,1.3,Aotizhongxin
104,2013,3,5,7,106.0,146.0,82.0,87.0,2299.0,84.0,2.9,1013.4,-9.1,0.0,NNE,1.3,Aotizhongxin
105,2013,3,5,8,111.0,147.0,101.0,87.0,2399.0,84.0,5.1,1013.4,-9.1,0.0,NNE,1.2,Aotizhongxin
106,2013,3,5,9,114.0,159.0,114.0,92.0,2899.0,84.0,7.7,1012.8,-8.4,0.0,NNE,1.5,Aotizhongxin
107,2013,3,5,10,131.0,177.0,107.0,104.0,2700.0,84.0,9.4,1012.0,-8.2,0.0,NE,1.5,Aotizhongxin
108,2013,3,5,11,138.0,184.0,109.0,115.0,2299.0,84.0,10.6,1011.1,-8.1,0.0,NNE,1.4,Aotizhongxin
109,2013,3,5,12,142.0,184.0,104.0,136.0,2299.0,15.0,11.9,1009.7,-7.5,0.0,NNW,1.3,Aotizhongxin
110,2013,3,5,13,163.0,193.0,94.0,147.0,2200.0,84.0,12.6,1008.5,-8.0,0.0,N,1.0,Aotizhongxin
111,2013,3,5,14,168.0,182.0,85.0,158.0,2100.0,84.0,13.5,1007.7,-7.8,0.0,NNE,1.4,Aotizhongxin
112,2013,3,5,15,165.0,171.0,85.0,172.0,2200.0,78.0,13.8,1007.2,-7.6,0.0,NE,1.2,Aotizhongxin
113,2013,3,5,16,166.0,186.0,97.0,194.0,2700.0,78.0,13.2,1007.1,-7.0,0.0,NE,2.0,Aotizhongxin
114,2013,3,5,17,190.0,218.0,101.0,204.0,2799.0,75.0,12.1,1007.7,-6.4,0.0,NNE,1.6,Aotizhongxin
115,2013,3,5,18,203.0,248.0,107.0,197.0,2500.0,53.0,9.0,1008.2,-5.7,0.0,NE,1.4,Aotizhongxin
116,2013,3,5,19,210.0,255.0,103.0,188.0,2200.0,40.0,5.3,1008.5,-4.8,0.0,ESE,0.0,Aotizhongxin
117,2013,3,5,20,205.0,244.0,106.0,189.0,2500.0,39.0,3.3,1008.7,-4.7,0.0,N,0.2,Aotizhongxin
118,2013,3,5,21,215.0,252.0,93.0,178.0,3100.0,31.0,2.9,1009.0,-4.6,0.0,NNE,1.2,Aotizhongxin
119,2013,3,5,22,219.0,253.0,92.0,169.0,3200.0,29.0,5.2,1008.9,-6.1,0.0,NE,1.1,Aotizhongxin
120,2013,3,5,23,226.0,269.0,147.0,184.0,4400.0,29.0,4.9,1008.4,-6.1,0.0,NE,1.4,Aotizhongxin
121,2013,3,6,0,284.0,315.0,133.0,174.0,4000.0,28.0,4.9,1008.5,-6.4,0.0,NE,1.2,Aotizhongxin
122,2013,3,6,1,272.0,300.0,131.0,166.0,4000.0,22.0,4.8,1008.3,-5.9,0.0,NE,1.5,Aotizhongxin
123,2013,3,6,2,242.0,265.0,109.0,146.0,3200.0,22.0,4.1,1007.8,-5.9,0.0,NE,1.9,Aotizhongxin
124,2013,3,6,3,212.0,229.0,90.0,141.0,2600.0,22.0,4.0,1007.6,-6.3,0.0,NE,1.9,Aotizhongxin
125,2013,3,6,4,192.0,203.0,83.6808,140.4252,,22.0,3.9,1007.3,-6.1,0.0,NE,1.4,Aotizhongxin
126,2013,3,6,5,188.0,194.0,92.0,143.0,2500.0,22.0,4.1,1007.8,-5.7,0.0,NE,1.6,Aotizhongxin
127,2013,3,6,6,186.0,194.0,94.0,131.0,2600.0,22.0,4.5,1008.4,-5.3,0.0,NE,2.0,Aotizhongxin
128,2013,3,6,7,188.0,196.0,92.0,129.0,2700.0,22.0,5.7,1009.3,-5.0,0.0,NE,1.7,Aotizhongxin
129,2013,3,6,8,194.0,205.0,102.0,113.0,2500.0,22.0,6.6,1009.3,-4.8,0.0,NE,1.7,Aotizhongxin
130,2013,3,6,9,184.0,198.0,98.0,102.0,2399.0,22.0,7.5,1009.1,-4.6,0.0,NE,1.7,Aotizhongxin
131,2013,3,6,10,175.0,198.0,107.0,103.0,2600.0,22.0,8.7,1008.6,-4.5,0.0,NE,1.5,Aotizhongxin
132,2013,3,6,11,179.0,212.0,119.0,105.0,2399.0,22.0,10.1,1007.7,-4.7,0.0,NE,1.4,Aotizhongxin
133,2013,3,6,12,192.0,219.0,124.0,113.0,2299.0,22.0,11.1,1006.9,-4.2,0.0,ENE,0.4,Aotizhongxin
134,2013,3,6,13,201.0,233.0,126.0,136.0,2700.0,22.0,12.6,1005.8,-3.7,0.0,WSW,1.5,Aotizhongxin
135,2013,3,6,14,230.0,265.0,130.0,146.0,2799.0,14.0,14.5,1005.5,-3.3,0.0,SSE,1.6,Aotizhongxin
136,2013,3,6,15,246.0,277.0,140.0,157.0,2899.0,10.0,14.7,1005.5,-3.2,0.0,SSW,2.5,Aotizhongxin
137,2013,3,6,16,248.0,285.0,154.0,146.0,2799.0,17.0,14.2,1005.5,-3.2,0.0,S,1.4,Aotizhongxin
138,2013,3,6,17,230.0,276.0,145.0,171.0,3200.0,17.0,11.6,1005.9,-3.4,0.0,SSW,1.1,Aotizhongxin
139,2013,3,6,18,239.0,291.0,142.0,177.0,3500.0,17.0,6.8,1006.8,-2.9,0.0,WSW,0.9,Aotizhongxin
140,2013,3,6,19,242.0,338.0,124.0,164.0,3700.0,17.0,5.1,1007.6,-2.5,0.0,WSW,1.2,Aotizhongxin
141,2013,3,6,20,254.0,396.0,107.0,154.0,4200.0,17.0,4.4,1008.2,-2.5,0.0,SSW,1.1,Aotizhongxin
142,2013,3,6,21,266.0,380.0,117.0,159.0,3799.0,17.0,3.8,1007.7,-2.2,0.0,WSW,1.9,Aotizhongxin
143,2013,3,6,22,254.0,335.0,111.0,148.0,4099.0,17.0,2.4,1007.3,-2.5,0.0,WSW,1.2,Aotizhongxin
144,2013,3,6,23,260.0,360.0,119.0,145.0,4000.0,17.0,2.3,1007.2,-2.4,0.0,NNE,1.3,Aotizhongxin
145,2013,3,7,0,250.0,319.0,102.0,139.0,4000.0,17.0,1.5,1007.1,-2.6,0.0,NNE,0.8,Aotizhongxin
146,2013,3,7,1,240.0,297.0,91.0,127.0,4000.0,17.0,0.7,1007.1,-2.7,0.0,SE,1.2,Aotizhongxin
147,2013,3,7,2,238.0,294.0,83.0,133.0,4000.0,17.0,1.5,1006.9,-2.5,0.0,NNE,0.6,Aotizhongxin
148,2013,3,7,3,243.0,293.0,86.0,121.0,4099.0,17.0,0.3,1006.5,-2.7,0.0,WNW,1.7,Aotizhongxin
149,2013,3,7,4,246.0,304.0,57.0,113.0,5000.0,17.0,-0.9,1006.4,-3.3,0.0,N,0.5,Aotizhongxin
150,2013,3,7,5,275.0,337.0,46.0,103.0,5599.0,17.0,1.6,1006.7,-1.5,0.0,NNE,1.7,Aotizhongxin
151,2013,3,7,6,306.0,366.0,41.0,114.0,5700.0,17.0,0.3,1006.6,-2.7,0.0,SW,0.4,Aotizhongxin
152,2013,3,7,7,320.0,374.0,46.0,124.0,4599.0,17.0,2.4,1006.8,-1.4,0.0,NNE,1.5,Aotizhongxin
153,2013,3,7,8,292.0,344.0,78.0,106.0,3700.0,17.0,8.3,1006.5,-1.0,0.0,NNE,0.8,Aotizhongxin
154,2013,3,7,9,251.0,282.0,182.0,116.0,3299.0,17.0,10.1,1006.1,-0.7,0.0,W,0.6,Aotizhongxin
155,2013,3,7,10,228.0,255.0,166.0,135.0,3200.0,17.0,12.7,1005.5,-1.6,0.0,ENE,1.2,Aotizhongxin
156,2013,3,7,11,217.0,255.0,169.0,171.0,4000.0,17.0,16.5,1003.6,-1.6,0.0,WSW,1.7,Aotizhongxin
157,2013,3,7,12,255.0,311.0,154.0,201.0,4000.0,17.0,17.1,1001.6,-3.1,0.0,SSW,3.7,Aotizhongxin
158,2013,3,7,13,258.0,283.0,111.0,226.0,3700.0,17.0,17.7,1000.2,-3.2,0.0,SW,3.1,Aotizhongxin
159,2013,3,7,14,277.0,284.0,102.0,167.0,2899.0,39.0,18.3,998.6,-3.2,0.0,SSW,3.6,Aotizhongxin
160,2013,3,7,15,282.0,326.0,79.0,130.0,2399.0,61.0,18.6,997.6,-1.8,0.0,SSW,3.3,Aotizhongxin
161,2013,3,7,16,267.0,310.0,62.0,97.0,1899.0,80.0,17.9,997.2,-0.9,0.0,SW,1.9,Aotizhongxin
162,2013,3,7,17,216.0,257.0,64.0,86.0,1600.0,84.0,15.4,997.1,-1.7,0.0,NNW,1.4,Aotizhongxin
163,2013,3,7,18,201.0,255.0,76.0,125.0,1899.0,84.0,14.4,997.4,-2.5,0.0,N,1.9,Aotizhongxin
164,2013,3,7,19,211.0,287.0,79.0,173.0,2399.0,10.0,13.4,997.9,-2.6,0.0,NNE,1.5,Aotizhongxin
165,2013,3,7,20,227.0,298.0,99.0,207.0,3399.0,84.0,11.8,997.7,-2.1,0.0,NE,1.5,Aotizhongxin
166,2013,3,7,21,282.0,377.0,114.0,213.0,4000.0,84.0,9.2,997.9,-1.3,0.0,NNE,1.4,Aotizhongxin
167,2013,3,7,22,363.0,452.0,126.0,210.0,4000.0,84.0,7.5,998.3,-1.2,0.0,NE,1.3,Aotizhongxin
168,2013,3,7,23,376.0,426.0,128.0,209.0,3799.0,84.0,6.6,998.4,-0.9,0.0,E,0.1,Aotizhongxin
169,2013,3,8,0,344.0,389.0,107.0,195.0,3799.0,84.0,4.1,998.2,-1.3,0.0,ESE,0.0,Aotizhongxin
170,2013,3,8,1,339.0,370.0,90.0,177.0,4099.0,84.0,3.3,998.5,-1.7,0.0,N,0.9,Aotizhongxin
171,2013,3,8,2,339.0,400.0,,162.0,3899.0,84.0,2.5,998.2,-1.9,0.0,SW,0.8,Aotizhongxin
172,2013,3,8,3,324.0,373.0,71.0,154.0,,84.0,1.8,997.9,-1.8,0.0,N,0.0,Aotizhongxin
173,2013,3,8,4,322.0,345.0,62.0,,3299.0,84.0,1.3,998.5,-1.8,0.0,W,1.0,Aotizhongxin
174,2013,3,8,5,315.0,346.0,47.0,144.0,3200.0,84.0,1.4,999.0,-1.5,0.0,SW,0.8,Aotizhongxin
175,2013,3,8,6,310.0,327.0,45.0,146.0,3299.0,84.0,1.1,999.7,-1.8,0.0,WSW,0.8,Aotizhongxin
176,2013,3,8,7,309.0,318.0,44.0,145.0,4099.0,84.0,5.7,1000.4,0.5,0.0,NNE,1.0,Aotizhongxin
177,2013,3,8,8,310.0,337.0,88.0,137.0,4900.0,84.0,10.9,1000.8,1.4,0.0,SE,0.7,Aotizhongxin
178,2013,3,8,9,326.0,371.0,144.0,149.0,5200.0,84.0,16.9,1001.1,-0.4,0.0,E,1.0,Aotizhongxin
179,2013,3,8,10,326.0,844.0,125.9496,179.2269,,84.0,19.1,1000.9,-0.4,0.0,SSW,1.9,Aotizhongxin
180,2013,3,8,11,219.0,362.0,83.0,160.0,3100.0,84.0,20.5,1000.5,-3.3,0.0,SSW,4.4,Aotizhongxin
181,2013,3,8,12,104.0,194.0,37.0,101.0,1399.0,84.0,21.7,999.4,-2.3,0.0,S,3.0,Aotizhongxin
182,2013,3,8,13,121.0,225.0,40.0,96.0,1300.0,84.0,22.5,998.2,-2.3,0.0,S,3.3,Aotizhongxin
183,2013,3,8,14,184.0,348.0,49.0,104.0,1800.0,84.0,17.4,998.3,1.4,0.0,ESE,4.5,Aotizhongxin
184,2013,3,8,15,330.0,508.0,102.0,139.0,3600.0,84.0,13.9,999.5,1.2,0.0,ESE,2.7,Aotizhongxin
185,2013,3,8,16,172.0,284.0,84.0,84.0,1700.0,84.0,11.9,1000.2,0.0,0.0,ESE,2.6,Aotizhongxin
186,2013,3,8,17,114.0,181.0,68.0,68.0,1100.0,68.0,10.3,999.9,-0.5,0.0,SE,2.8,Aotizhongxin
187,2013,3,8,18,82.0,128.0,55.0,63.0,900.0,68.0,9.3,1000.6,-0.9,0.0,S,1.4,Aotizhongxin
188,2013,3,8,19,84.0,123.0,46.0,73.0,1100.0,68.0,8.0,1000.5,-0.3,0.0,NE,0.8,Aotizhongxin
189,2013,3,8,20,91.0,104.0,48.0,65.0,1000.0,68.0,7.9,1000.4,-1.6,0.0,SSW,1.4,Aotizhongxin
190,2013,3,8,21,81.0,87.0,43.0,61.0,1100.0,68.0,7.2,1000.0,-1.5,0.0,ENE,1.6,Aotizhongxin
191,2013,3,8,22,90.0,102.0,45.0,68.0,1399.0,68.0,6.3,999.0,-3.4,0.0,E,0.9,Aotizhongxin
192,2013,3,8,23,79.0,85.0,53.0,63.0,1500.0,68.0,5.7,997.7,-3.4,0.0,SSW,1.0,Aotizhongxin
193,2013,3,9,0,49.0,67.0,53.0,70.0,1600.0,68.0,3.6,996.1,-2.6,0.0,W,0.6,Aotizhongxin
194,2013,3,9,1,89.0,91.0,54.0,84.0,1899.0,68.0,2.1,994.9,-2.6,0.0,W,1.1,Aotizhongxin
195,2013,3,9,2,89.0,97.0,44.0,97.0,2299.0,68.0,1.4,994.1,-3.1,0.0,N,0.0,Aotizhongxin
196,2013,3,9,3,98.0,125.0,42.0,94.0,2299.0,68.0,1.1,993.0,-3.2,0.0,NE,1.4,Aotizhongxin
197,2013,3,9,4,97.0,118.0,52.0,97.0,2399.0,68.0,1.8,992.0,-2.3,0.0,E,0.0,Aotizhongxin
198,2013,3,9,5,102.0,123.0,52.0,93.0,2500.0,68.0,3.2,992.0,-2.8,0.0,NE,1.3,Aotizhongxin
199,2013,3,9,6,110.0,153.0,44.0,83.0,2600.0,68.0,2.8,992.2,-2.5,0.0,NE,1.0,Aotizhongxin
200,2013,3,9,7,108.0,143.0,51.0,85.0,2100.0,68.0,4.6,992.9,-2.1,0.0,NE,1.8,Aotizhongxin
201,2013,3,9,8,104.0,139.0,70.0,82.0,2100.0,68.0,8.4,994.1,-1.7,0.0,E,2.6,Aotizhongxin
202,2013,3,9,9,113.0,166.0,108.0,86.0,1899.0,68.0,16.3,995.9,-0.4,0.0,NNW,3.3,Aotizhongxin
203,2013,3,9,10,145.0,272.0,122.0,86.0,2200.0,68.0,16.7,998.3,-4.6,0.0,NNW,7.7,Aotizhongxin
204,2013,3,9,11,69.0,587.0,50.0,21.0,400.0,68.0,14.3,1001.3,-9.1,0.0,NNW,7.4,Aotizhongxin
205,2013,3,9,12,78.0,,10.0,10.0,300.0,68.0,12.4,1004.3,-14.4,0.0,NW,7.9,Aotizhongxin
206,2013,3,9,13,49.0,628.0,4.0,7.0,300.0,76.0,10.3,1006.5,-17.0,0.0,NNW,7.2,Aotizhongxin
207,2013,3,9,14,47.0,662.0,3.0,6.0,300.0,81.0,10.5,1008.1,-16.8,0.0,NNW,6.7,Aotizhongxin
208,2013,3,9,15,28.0,443.0,3.0,8.0,300.0,81.0,10.2,1009.4,-17.1,0.0,N,3.9,Aotizhongxin
209,2013,3,9,16,21.0,263.0,3.0,9.0,300.0,81.0,10.5,1010.8,-17.8,0.0,N,4.8,Aotizhongxin
210,2013,3,9,17,14.0,251.0,4.0,9.0,300.0,81.0,8.6,1013.0,-18.3,0.0,NNE,4.8,Aotizhongxin
211,2013,3,9,18,17.0,205.0,4.0,10.0,300.0,81.0,7.4,1015.9,-19.3,0.0,NNE,4.8,Aotizhongxin
212,2013,3,9,19,15.0,107.0,5.0,10.0,400.0,81.0,6.4,1018.1,-18.4,0.0,N,3.5,Aotizhongxin
213,2013,3,9,20,18.0,104.0,4.0,7.0,400.0,82.0,5.6,1019.7,-18.3,0.0,N,4.5,Aotizhongxin
214,2013,3,9,21,12.0,58.0,4.0,8.0,400.0,82.0,4.8,1020.3,-17.6,0.0,N,3.3,Aotizhongxin
215,2013,3,9,22,11.0,34.0,6.0,8.0,300.0,82.0,3.8,1021.2,-17.8,0.0,NNE,1.2,Aotizhongxin
216,2013,3,9,23,6.0,19.0,8.0,10.0,400.0,82.0,0.8,1021.3,-14.1,0.0,SSE,0.6,Aotizhongxin
217,2013,3,10,0,11.0,15.0,6.0,16.0,400.0,82.0,-0.5,1020.8,-13.4,0.0,N,0.0,Aotizhongxin
218,2013,3,10,1,11.0,16.0,10.0,25.0,400.0,82.0,-0.2,1021.1,-11.6,0.0,W,1.0,Aotizhongxin
219,2013,3,10,2,6.0,18.0,14.0,41.0,400.0,82.0,-2.1,1020.9,-11.7,0.0,NNE,0.7,Aotizhongxin
220,2013,3,10,3,10.0,25.0,17.0,55.0,500.0,82.0,-2.0,1021.1,-11.8,0.0,NNW,1.2,Aotizhongxin
221,2013,3,10,4,18.0,63.0,17.0,76.0,500.0,82.0,-1.3,1021.9,-14.8,0.0,NNE,0.0,Aotizhongxin
222,2013,3,10,5,21.0,35.0,18.0,80.0,700.0,82.0,-1.8,1022.0,-10.9,0.0,W,1.7,Aotizhongxin
223,2013,3,10,6,18.0,21.0,21.0,73.0,800.0,82.0,-2.0,1022.5,-11.8,0.0,N,0.0,Aotizhongxin
224,2013,3,10,7,24.0,46.0,21.0,82.0,1500.0,82.0,3.5,1023.2,-14.7,0.0,SSW,2.3,Aotizhongxin
225,2013,3,10,8,31.0,74.0,33.0,84.0,1300.0,82.0,5.3,1023.5,-15.9,0.0,SW,4.6,Aotizhongxin
226,2013,3,10,9,26.0,75.0,34.0,69.0,900.0,82.0,6.8,1023.1,-15.9,0.0,SSW,5.2,Aotizhongxin
227,2013,3,10,10,27.0,63.0,28.0,55.0,700.0,82.0,8.3,1022.4,-14.7,0.0,SSW,4.6,Aotizhongxin
228,2013,3,10,11,30.0,59.0,20.0,40.0,800.0,82.0,9.8,1021.9,-14.2,0.0,S,2.7,Aotizhongxin
229,2013,3,10,12,28.0,56.0,21.0,34.0,700.0,82.0,10.4,1021.0,-14.4,0.0,SSW,0.4,Aotizhongxin
230,2013,3,10,13,34.0,52.0,20.0,30.0,600.0,82.0,11.2,1020.0,-13.8,0.0,S,2.8,Aotizhongxin
231,2013,3,10,14,28.0,54.0,17.0,28.0,500.0,82.0,11.4,1019.0,-13.6,0.0,SSW,4.0,Aotizhongxin
232,2013,3,10,15,37.0,71.0,17.0,27.0,500.0,82.0,11.3,1018.7,-14.5,0.0,SW,4.5,Aotizhongxin
233,2013,3,10,16,36.0,94.0,18.0,26.0,500.0,84.0,10.4,1018.3,-13.7,0.0,SW,4.1,Aotizhongxin
234,2013,3,10,17,38.0,117.0,25.0,33.0,500.0,84.0,9.1,1018.2,-13.4,0.0,SSW,4.4,Aotizhongxin
235,2013,3,10,18,44.0,106.0,27.0,34.0,600.0,84.0,8.2,1018.5,-12.3,0.0,SSW,2.6,Aotizhongxin
236,2013,3,10,19,60.0,102.0,28.0,39.0,700.0,84.0,7.7,1018.8,-11.1,0.0,SSW,2.3,Aotizhongxin
237,2013,3,10,20,70.0,115.0,33.0,61.0,800.0,84.0,7.4,1018.8,-10.9,0.0,S,3.5,Aotizhongxin
238,2013,3,10,21,64.0,114.0,28.0,62.0,800.0,84.0,6.5,1018.9,-10.3,0.0,SSW,2.7,Aotizhongxin
239,2013,3,10,22,70.0,123.0,31.0,60.0,900.0,84.0,5.9,1018.5,-10.0,0.0,SW,2.4,Aotizhongxin
240,2013,3,10,23,81.0,140.0,46.0,62.0,1000.0,84.0,3.0,1018.7,-9.0,0.0,SSW,0.9,Aotizhongxin
241,2013,3,11,0,90.0,147.0,55.0,69.0,1100.0,84.0,0.3,1018.5,-8.7,0.0,SW,1.4,Aotizhongxin
242,2013,3,11,1,95.0,156.0,57.0,78.0,1100.0,84.0,-0.7,1018.0,-7.3,0.0,SW,0.7,Aotizhongxin
243,2013,3,11,2,95.0,140.0,53.0,76.0,1100.0,84.0,-1.7,1017.4,-7.0,0.0,WNW,0.5,Aotizhongxin
244,2013,3,11,3,96.0,138.0,56.0,78.0,1100.0,84.0,-2.1,1017.2,-6.5,0.0,N,0.6,Aotizhongxin
245,2013,3,11,4,97.0,140.0,55.0,80.0,1100.0,84.0,-1.6,1016.9,-7.9,0.0,NNE,1.1,Aotizhongxin
246,2013,3,11,5,106.0,146.0,49.0,76.0,1200.0,84.0,-2.3,1016.9,-8.0,0.0,SE,0.1,Aotizhongxin
247,2013,3,11,6,114.0,147.0,40.0,76.0,1600.0,84.0,-2.1,1017.0,-8.0,0.0,NE,0.9,Aotizhongxin
248,2013,3,11,7,112.0,155.0,62.0,77.0,2100.0,84.0,1.3,1017.4,-8.3,0.0,NNE,1.9,Aotizhongxin
249,2013,3,11,8,113.0,184.0,71.0,77.0,2600.0,84.0,3.1,1017.5,-8.6,0.0,NE,1.8,Aotizhongxin
250,2013,3,11,9,120.0,196.0,96.0,89.0,2500.0,84.0,4.6,1016.8,-8.2,0.0,NE,1.8,Aotizhongxin
251,2013,3,11,10,141.0,205.0,102.0,97.0,2500.0,84.0,6.7,1016.0,-8.1,0.0,NNE,1.4,Aotizhongxin
252,2013,3,11,11,140.0,198.0,96.0,105.0,2299.0,84.0,7.6,1015.0,-8.1,0.0,N,1.3,Aotizhongxin
253,2013,3,11,12,149.0,207.0,99.0,118.0,2200.0,84.0,9.7,1013.4,-7.5,0.0,NNW,1.6,Aotizhongxin
254,2013,3,11,13,150.0,189.0,114.0,124.0,2100.0,84.0,11.3,1012.3,-7.1,0.0,S,3.5,Aotizhongxin
255,2013,3,11,14,114.0,151.0,99.0,80.0,1100.0,84.0,11.4,1010.9,-7.5,0.0,SSE,2.5,Aotizhongxin
256,2013,3,11,15,106.0,133.0,96.0,69.0,1000.0,84.0,10.7,1010.3,-6.2,0.0,SSW,2.1,Aotizhongxin
257,2013,3,11,16,113.0,162.0,109.0,76.0,1100.0,76.0,10.4,1009.5,-6.5,0.0,SSW,3.4,Aotizhongxin
258,2013,3,11,17,132.0,198.0,148.0,90.0,1700.0,76.0,9.7,1009.7,-5.8,0.0,SSW,2.1,Aotizhongxin
259,2013,3,11,18,149.0,253.0,161.0,100.0,2100.0,71.0,9.7,1009.8,-5.1,0.0,S,2.0,Aotizhongxin
260,2013,3,11,19,144.0,233.0,90.0,98.0,1500.0,51.0,9.6,1010.0,-4.4,0.0,S,1.5,Aotizhongxin
261,2013,3,11,20,156.0,214.0,103.0,116.0,1899.0,47.0,9.8,1010.4,-2.8,0.0,SSE,1.3,Aotizhongxin
262,2013,3,11,21,174.0,246.0,124.0,121.0,2200.0,47.0,9.6,1009.8,-2.7,0.0,SSW,1.5,Aotizhongxin
263,2013,3,11,22,152.0,196.0,88.0,109.0,1600.0,47.0,9.3,1009.2,-4.0,0.0,SSW,1.5,Aotizhongxin
264,2013,3,11,23,113.0,145.0,62.0,97.0,1300.0,47.0,8.6,1008.0,-4.6,0.0,SSE,1.1,Aotizhongxin
265,2013,3,12,0,89.0,124.0,50.0,80.0,1100.0,47.0,6.3,1007.5,-2.8,0.0,WNW,1.0,Aotizhongxin
266,2013,3,12,1,106.0,161.0,56.0,91.0,1600.0,47.0,4.8,1006.8,-2.8,0.0,SSE,0.0,Aotizhongxin
267,2013,3,12,2,125.0,159.0,56.0,86.0,1899.0,47.0,5.3,1005.8,-1.0,0.0,ESE,0.2,Aotizhongxin
268,2013,3,12,3,117.0,127.0,73.0,81.0,,47.0,6.4,1005.8,-1.0,0.1,N,2.2,Aotizhongxin
269,2013,3,12,4,112.0,140.0,68.0,81.0,1399.0,47.0,4.3,1006.3,1.5,0.4,E,0.9,Aotizhongxin
270,2013,3,12,5,140.0,237.0,34.0,74.0,2100.0,47.0,4.7,1006.1,1.5,0.1,NNE,1.3,Aotizhongxin
271,2013,3,12,6,146.0,165.0,22.0,66.0,2100.0,47.0,4.1,1006.2,2.6,0.9,W,1.0,Aotizhongxin
272,2013,3,12,7,115.0,121.0,21.0,77.0,2100.0,47.0,3.5,1006.9,2.2,0.9,NW,1.4,Aotizhongxin
273,2013,3,12,8,120.0,122.0,17.0,78.0,1600.0,47.0,3.1,1006.9,1.9,0.4,N,1.5,Aotizhongxin
274,2013,3,12,9,116.0,90.0,16.0,76.0,1600.0,47.0,3.4,1006.6,2.2,0.0,NNE,1.3,Aotizhongxin
275,2013,3,12,10,123.0,94.0,16.0,71.0,1700.0,47.0,3.7,1006.8,2.2,0.0,N,0.9,Aotizhongxin
276,2013,3,12,11,130.0,104.0,16.0,69.0,1800.0,47.0,4.4,1006.5,2.6,0.0,NNE,1.4,Aotizhongxin
277,2013,3,12,12,132.0,87.0,14.0,75.0,1600.0,47.0,4.8,1006.8,2.2,0.0,N,1.5,Aotizhongxin
278,2013,3,12,13,129.0,84.0,15.0,68.0,1500.0,47.0,5.3,1006.6,2.8,0.1,NE,1.8,Aotizhongxin
279,2013,3,12,14,139.0,102.0,15.0,67.0,1600.0,47.0,5.6,1007.1,2.9,0.0,NNE,1.6,Aotizhongxin
280,2013,3,12,15,135.0,93.0,15.0,63.0,1600.0,39.0,6.4,1007.6,3.2,0.0,N,1.5,Aotizhongxin
281,2013,3,12,16,133.0,102.0,17.0,63.0,1500.0,28.0,6.6,1008.1,3.2,0.0,S,0.6,Aotizhongxin
282,2013,3,12,17,141.0,107.0,19.0,70.0,1600.0,21.0,6.4,1009.4,3.4,0.0,E,1.4,Aotizhongxin
283,2013,3,12,18,124.0,131.0,21.0,79.0,1800.0,20.0,5.8,1011.1,3.1,0.0,E,0.4,Aotizhongxin
284,2013,3,12,19,137.0,140.0,20.0,75.0,2000.0,12.0,3.3,1012.5,2.1,0.0,WSW,0.5,Aotizhongxin
285,2013,3,12,20,160.0,140.0,17.0,74.0,1800.0,12.0,2.9,1014.1,2.2,0.0,N,0.7,Aotizhongxin
286,2013,3,12,21,140.0,101.0,16.0,68.0,1700.0,12.0,3.6,1015.5,2.6,0.0,NNE,0.8,Aotizhongxin
287,2013,3,12,22,88.0,31.0,16.0,63.0,1100.0,12.0,1.9,1016.7,1.3,0.0,N,1.2,Aotizhongxin
288,2013,3,12,23,50.0,50.0,30.0,54.0,800.0,17.0,3.8,1017.7,-5.7,0.0,NNE,0.9,Aotizhongxin
289,2013,3,13,0,22.0,22.0,28.0,21.0,400.0,56.0,3.4,1018.5,-7.1,0.0,NNW,0.9,Aotizhongxin
290,2013,3,13,1,10.0,10.0,16.0,14.0,300.0,68.0,2.7,1018.9,-9.0,0.0,NNE,2.1,Aotizhongxin
291,2013,3,13,2,10.0,10.0,12.0,16.0,300.0,68.0,2.8,1019.3,-8.9,0.0,N,2.4,Aotizhongxin
292,2013,3,13,3,7.0,7.0,11.0,15.0,300.0,69.0,2.4,1019.7,-8.6,0.0,N,1.3,Aotizhongxin
293,2013,3,13,4,11.0,11.0,11.0,16.0,400.0,69.0,0.3,1020.5,-7.5,0.0,NW,0.9,Aotizhongxin
294,2013,3,13,5,3.0,6.0,13.0,20.0,400.0,69.0,-0.9,1021.0,-8.1,0.0,NNE,0.9,Aotizhongxin
295,2013,3,13,6,3.0,6.0,17.0,24.0,500.0,69.0,0.8,1022.2,-8.5,0.0,NNE,1.6,Aotizhongxin
296,2013,3,13,7,3.0,8.0,21.0,40.0,600.0,69.0,3.7,1023.3,-10.0,0.0,NNE,2.9,Aotizhongxin
297,2013,3,13,8,8.0,18.0,35.0,62.0,700.0,69.0,4.8,1024.6,-13.6,0.0,NNE,3.3,Aotizhongxin
298,2013,3,13,9,20.0,24.0,27.0,43.0,600.0,69.0,5.5,1025.2,-10.7,0.0,ENE,3.9,Aotizhongxin
299,2013,3,13,10,16.0,25.0,22.0,32.0,500.0,69.0,6.4,1025.2,-11.3,0.0,ENE,2.6,Aotizhongxin
300,2013,3,13,11,14.0,6.0,14.0,26.0,400.0,69.0,6.6,1024.4,-12.6,0.0,NE,3.6,Aotizhongxin
301,2013,3,13,12,12.0,6.0,10.0,19.0,400.0,71.0,7.6,1023.7,-11.7,0.0,ENE,3.5,Aotizhongxin
302,2013,3,13,13,17.0,6.0,11.0,24.0,400.0,71.0,8.5,1022.9,-13.2,0.0,E,2.3,Aotizhongxin
303,2013,3,13,14,15.0,6.0,10.0,19.0,400.0,77.0,9.5,1022.2,-14.4,0.0,NE,1.6,Aotizhongxin
304,2013,3,13,15,3.0,9.0,11.0,24.0,400.0,77.0,9.7,1021.7,-13.5,0.0,SW,2.0,Aotizhongxin
305,2013,3,13,16,3.0,6.0,11.0,26.0,400.0,77.0,9.1,1021.9,-12.1,0.0,S,1.8,Aotizhongxin
306,2013,3,13,17,3.0,11.0,12.0,37.0,500.0,77.0,7.1,1022.3,-10.7,0.0,SSW,2.7,Aotizhongxin
307,2013,3,13,18,23.0,38.0,12.0,52.0,600.0,77.0,6.1,1022.8,-9.0,0.0,SSW,2.5,Aotizhongxin
308,2013,3,13,19,31.0,59.0,15.0,64.0,700.0,77.0,5.5,1023.5,-8.8,0.0,S,1.5,Aotizhongxin
309,2013,3,13,20,37.0,47.0,16.0,64.0,700.0,77.0,5.0,1023.7,-9.6,0.0,SSW,2.9,Aotizhongxin
310,2013,3,13,21,35.0,39.0,16.0,67.0,700.0,77.0,4.8,1024.0,-8.7,0.0,SSW,3.2,Aotizhongxin
311,2013,3,13,22,37.0,39.0,18.0,67.0,700.0,77.0,4.0,1023.8,-8.1,0.0,SSW,3.2,Aotizhongxin
312,2013,3,13,23,42.0,45.0,21.0,74.0,800.0,77.0,2.9,1024.1,-5.5,0.0,S,2.3,Aotizhongxin
313,2013,3,14,0,62.0,113.0,19.0,71.0,1100.0,77.0,2.5,1024.2,-3.8,0.0,SSW,2.4,Aotizhongxin
314,2013,3,14,1,71.0,88.0,11.0,67.0,1399.0,77.0,1.6,1024.5,-4.1,0.0,SSW,1.0,Aotizhongxin
315,2013,3,14,2,60.0,66.0,10.0,65.0,1399.0,77.0,1.3,1023.9,-4.6,0.0,SSW,1.5,Aotizhongxin
316,2013,3,14,3,65.0,53.0,11.0,60.0,1200.0,77.0,-0.1,1023.8,-4.7,0.0,WNW,0.5,Aotizhongxin
317,2013,3,14,4,49.0,53.0,12.0,57.0,1200.0,77.0,-0.5,1023.9,-3.9,0.0,NE,2.4,Aotizhongxin
318,2013,3,14,5,72.0,77.0,12.0,67.0,1500.0,77.0,-0.8,1024.3,-4.0,0.0,NNE,1.9,Aotizhongxin
319,2013,3,14,6,73.0,75.0,10.0,64.0,1600.0,77.0,-0.8,1024.3,-4.2,0.0,NNE,2.2,Aotizhongxin
320,2013,3,14,7,69.0,77.0,10.0,55.0,1399.0,77.0,-0.4,1024.6,-4.1,0.0,NE,2.1,Aotizhongxin
321,2013,3,14,8,72.0,81.0,11.0,54.0,1500.0,77.0,0.5,1024.9,-4.2,0.0,NW,2.3,Aotizhongxin
322,2013,3,14,9,84.0,95.0,22.0,57.0,1500.0,77.0,2.2,1024.3,-4.1,0.0,NW,1.5,Aotizhongxin
323,2013,3,14,10,101.0,117.0,57.0,61.0,1600.0,77.0,3.9,1023.4,-3.9,0.0,WSW,1.7,Aotizhongxin
324,2013,3,14,11,111.0,112.0,67.0,66.0,1600.0,77.0,5.5,1022.3,-3.6,0.0,S,1.2,Aotizhongxin
325,2013,3,14,12,97.0,125.0,61.0,77.0,1700.0,77.0,7.2,1021.3,-3.7,0.0,SW,3.4,Aotizhongxin
326,2013,3,14,13,104.0,117.0,65.0,78.0,1399.0,77.0,8.7,1020.0,-3.8,0.0,S,3.3,Aotizhongxin
327,2013,3,14,14,108.0,115.0,111.0,60.0,900.0,74.0,9.9,1019.4,-4.5,0.0,SSW,3.8,Aotizhongxin
328,2013,3,14,15,105.0,112.0,116.0,56.0,1000.0,74.0,9.3,1018.7,-4.3,0.0,S,3.2,Aotizhongxin
329,2013,3,14,16,105.0,115.0,112.0,60.0,1000.0,64.0,8.6,1018.1,-3.9,0.0,SSW,3.1,Aotizhongxin
330,2013,3,14,17,106.0,126.0,113.0,66.0,1000.0,52.0,7.6,1018.3,-3.6,0.0,SSW,3.5,Aotizhongxin
331,2013,3,14,18,115.0,136.0,99.0,74.0,1100.0,52.0,6.8,1018.4,-2.9,0.0,SSW,1.6,Aotizhongxin
332,2013,3,14,19,119.0,137.0,74.0,78.0,1100.0,52.0,6.2,1018.4,-2.7,0.0,S,1.3,Aotizhongxin
333,2013,3,14,20,115.0,118.0,74.0,97.0,1200.0,52.0,5.9,1018.3,-2.0,0.0,SSW,1.3,Aotizhongxin
334,2013,3,14,21,119.0,130.0,61.0,102.0,1399.0,52.0,3.5,1018.4,-1.9,0.0,WNW,0.6,Aotizhongxin
335,2013,3,14,22,140.0,158.0,54.0,100.0,1600.0,52.0,1.4,1018.2,-1.8,0.0,SE,0.0,Aotizhongxin
336,2013,3,14,23,162.0,179.0,54.0,97.0,1700.0,52.0,1.6,1017.7,-1.8,0.0,ENE,1.1,Aotizhongxin
1,2013,3,1,0,3.0,6.0,13.0,7.0,300.0,85.0,-2.3,1020.8,-19.7,0.0,E,0.5,Changping
2,2013,3,1,1,3.0,3.0,6.0,6.0,300.0,85.0,-2.5,1021.3,-19.0,0.0,ENE,0.7,Changping
3,2013,3,1,2,3.0,3.0,22.0,13.0,400.0,74.0,-3.0,1021.3,-19.9,0.0,ENE,0.2,Changping
4,2013,3,1,3,3.0,6.0,12.0,8.0,300.0,81.0,-3.6,1021.8,-19.1,0.0,NNE,1.0,Changping
5,2013,3,1,4,3.0,3.0,14.0,8.0,300.0,81.0,-3.5,1022.3,-19.4,0.0,N,2.1,Changping
6,2013,3,1,5,3.0,3.0,10.0,17.0,400.0,71.0,-4.5,1022.6,-19.5,0.0,NNW,1.7,Changping
7,2013,3,1,6,4.0,6.0,12.0,22.0,500.0,65.0,-4.5,1023.4,-19.5,0.0,NNW,1.8,Changping
8,2013,3,1,7,3.0,6.0,25.0,39.0,600.0,48.0,-2.1,1024.6,-20.0,0.0,NW,2.5,Changping
9,2013,3,1,8,9.0,25.0,13.0,42.0,700.0,46.0,-0.2,1025.2,-20.5,0.0,NNW,2.8,Changping
10,2013,3,1,9,11.0,29.0,5.0,18.0,500.0,73.0,0.6,1025.3,-20.4,0.0,NNW,3.8,Changping
11,2013,3,1,10,9.0,10.0,3.0,10.0,300.0,83.0,2.0,1025.1,-21.3,0.0,N,2.2,Changping
12,2013,3,1,11,3.0,3.0,4.0,9.0,300.0,81.0,3.6,1024.8,-20.7,0.0,NNE,2.7,Changping
13,2013,3,1,12,3.0,6.0,4.0,8.0,300.0,90.0,4.8,1023.8,-19.7,0.0,N,3.0,Changping
14,2013,3,1,13,3.0,101.0,5.0,9.0,300.0,89.0,5.8,1022.8,-20.6,0.0,NE,4.4,Changping
15,2013,3,1,14,9.0,60.0,5.0,6.0,300.0,94.0,5.9,1022.6,-20.5,0.0,N,3.6,Changping
16,2013,3,1,15,3.0,34.0,6.0,7.0,300.0,94.0,6.0,1022.6,-20.4,0.0,N,3.2,Changping
17,2013,3,1,16,3.0,28.0,5.0,9.0,300.0,92.0,5.4,1022.8,-20.0,0.0,NE,2.2,Changping
18,2013,3,1,17,6.0,25.0,19.0,12.0,300.0,88.0,3.5,1023.4,-20.8,0.0,ENE,2.0,Changping
19,2013,3,1,18,4.0,17.0,40.0,22.0,600.0,77.0,2.7,1024.2,-20.0,0.0,NE,3.6,Changping
20,2013,3,1,19,7.0,19.0,37.0,22.0,600.0,75.0,2.0,1025.1,-19.3,0.0,ENE,1.7,Changping
21,2013,3,1,20,8.0,21.0,23.0,14.0,300.0,80.0,1.1,1025.9,-18.3,0.0,NE,1.7,Changping
22,2013,3,1,21,7.0,16.0,34.0,19.0,300.0,74.0,1.6,1026.7,-17.4,0.0,E,2.3,Changping
23,2013,3,1,22,5.0,13.0,25.0,16.0,300.0,76.0,0.4,1027.2,-17.4,0.0,E,0.0,Changping
24,2013,3,1,23,7.0,12.0,43.0,25.0,500.0,65.0,0.3,1027.0,-16.6,0.0,NE,1.5,Changping
25,2013,3,2,0,11.0,13.0,23.0,16.0,400.0,69.0,-0.5,1027.4,-16.4,0.0,SW,3.0,Changping
26,2013,3,2,1,12.0,10.0,24.0,18.0,400.0,67.0,-1.8,1027.9,-16.7,0.0,SSW,0.9,Changping
27,2013,3,2,2,13.0,9.0,,56.0,800.0,33.0,-1.7,1027.7,-17.4,0.0,SSW,1.5,Changping
28,2013,3,2,3,14.0,24.0,23.0,42.0,,,-2.5,1027.7,-17.4,0.0,SW,1.7,Changping
29,2013,3,2,4,14.0,18.0,24.0,,400.0,45.0,-3.4,1027.5,-17.0,0.0,NW,0.8,Changping
30,2013,3,2,5,13.0,13.0,37.0,57.0,600.0,28.0,-3.5,1026.9,-16.8,0.0,N,0.5,Changping
31,2013,3,2,6,16.0,15.0,38.0,66.0,900.0,16.0,-3.5,1026.1,-15.8,0.0,NNE,0.9,Changping
32,2013,3,2,7,19.0,25.0,39.0,63.0,900.0,18.0,-3.3,1026.7,-14.4,0.0,NNW,0.9,Changping
33,2013,3,2,8,22.0,26.0,41.0,66.0,1100.0,14.0,-2.0,1026.4,-15.1,0.0,NNE,1.0,Changping
34,2013,3,2,9,29.0,43.0,53.0,69.0,1600.0,13.0,-0.2,1026.3,-16.6,0.0,WSW,0.5,Changping
35,2013,3,2,10,46.0,70.0,40.0,54.0,900.0,29.0,0.6,1025.8,-17.2,0.0,SW,1.3,Changping
36,2013,3,2,11,30.0,33.0,40.0,61.0,800.0,28.0,1.3,1025.4,-17.1,0.0,ESE,1.1,Changping
37,2013,3,2,12,31.0,41.0,42.0,51.0,700.0,38.0,1.9,1024.2,-17.1,0.0,WSW,1.6,Changping
38,2013,3,2,13,30.0,34.0,42.0,50.0,700.0,42.0,2.3,1022.6,-17.3,0.0,SE,0.2,Changping
39,2013,3,2,14,30.0,32.0,50.0,59.0,900.0,36.0,3.0,1021.9,-17.3,0.0,S,0.0,Changping
40,2013,3,2,15,38.0,41.0,49.0,58.0,900.0,38.0,2.9,1020.9,-16.8,0.0,WSW,1.2,Changping
41,2013,3,2,16,42.0,49.0,49.0,62.0,900.0,35.0,2.5,1020.6,-17.1,0.0,WNW,0.5,Changping
42,2013,3,2,17,44.0,50.0,50.0,66.0,900.0,31.0,2.1,1020.2,-16.4,0.0,E,0.7,Changping
43,2013,3,2,18,44.0,55.0,50.0,73.0,900.0,23.0,1.5,1020.4,-16.0,0.0,NE,0.7,Changping
44,2013,3,2,19,47.0,60.0,34.0,76.0,1000.0,18.0,0.3,1020.0,-15.3,0.0,NE,0.6,Changping
45,2013,3,2,20,52.0,65.0,43.0,84.0,1300.0,12.0,0.0,1019.9,-15.2,0.0,NE,0.2,Changping
46,2013,3,2,21,69.0,76.0,51.0,82.0,1700.0,9.0,-1.2,1019.7,-13.7,0.0,N,1.0,Changping
47,2013,3,2,22,72.0,83.0,49.0,82.0,1600.0,8.0,-2.1,1019.1,-13.3,0.0,NNE,0.4,Changping
48,2013,3,2,23,62.0,71.0,68.0,87.0,2000.0,9.0,-2.2,1018.2,-13.4,0.0,NNE,1.1,Changping
49,2013,3,3,0,73.0,87.0,41.0,76.0,1500.0,7.0,-2.4,1017.4,-13.0,0.0,N,1.0,Changping
50,2013,3,3,1,50.0,60.0,36.0,73.0,1399.0,7.0,-3.8,1016.5,-12.2,0.0,NNW,1.4,Changping
51,2013,3,3,2,60.0,62.0,37.0,75.0,1500.0,7.0,-3.8,1015.1,-12.7,0.0,NNE,0.8,Changping
52,2013,3,3,3,60.0,63.0,41.0,74.0,1600.0,7.0,-4.0,1014.1,-13.4,0.0,NE,0.7,Changping
53,2013,3,3,4,64.0,66.0,31.0,69.0,1200.0,6.0,-4.8,1013.6,-13.2,0.0,NNE,0.2,Changping
54,2013,3,3,5,56.0,58.0,34.0,71.0,1300.0,6.0,-5.6,1013.2,-13.0,0.0,ENE,0.5,Changping
55,2013,3,3,6,53.0,59.0,24.0,68.0,1399.0,6.0,-5.7,1013.2,-13.1,0.0,NE,0.0,Changping
56,2013,3,3,7,52.0,62.0,25.0,68.0,1700.0,6.0,-3.3,1013.5,-12.8,0.0,NE,0.8,Changping
57,2013,3,3,8,58.0,75.0,51.0,71.0,2399.0,12.0,-0.3,1012.8,-11.4,0.0,NNW,0.5,Changping
58,2013,3,3,9,81.0,106.0,69.0,72.0,2000.0,15.0,3.4,1012.5,-12.6,0.0,SSE,0.8,Changping
59,2013,3,3,10,84.0,101.0,78.0,84.0,2200.0,17.0,6.5,1011.4,-12.2,0.0,SE,2.1,Changping
60,2013,3,3,11,106.0,148.0,91.0,93.0,1899.0,20.0,9.0,1010.4,-11.6,0.0,ESE,1.4,Changping
61,2013,3,3,12,110.0,135.0,78.0,89.0,1800.0,24.0,12.2,1009.1,-13.7,0.0,SE,1.8,Changping
62,2013,3,3,13,113.0,151.0,64.0,80.0,1500.0,30.0,15.6,1007.5,-13.8,0.0,NW,5.4,Changping
63,2013,3,3,14,100.0,151.0,36.0,53.0,1000.0,52.0,16.6,1006.9,-14.1,0.0,NW,5.3,Changping
64,2013,3,3,15,68.0,128.0,14.0,20.0,400.0,78.0,17.0,1006.8,-14.9,0.0,NW,2.3,Changping
65,2013,3,3,16,32.0,90.0,10.0,16.0,400.0,82.0,16.1,1006.9,-14.4,0.0,ENE,0.7,Changping
66,2013,3,3,17,21.0,71.0,27.0,21.0,400.0,76.0,13.9,1007.6,-14.1,0.0,SSE,0.6,Changping
67,2013,3,3,18,16.0,33.0,17.0,22.0,400.0,72.0,12.4,1009.0,-14.4,0.0,E,0.8,Changping
68,2013,3,3,19,18.0,43.0,12.0,35.0,600.0,59.0,8.9,1010.0,-13.5,0.0,NW,0.9,Changping
69,2013,3,3,20,24.0,56.0,27.0,46.0,800.0,45.0,7.7,1010.1,-12.2,0.0,ENE,0.5,Changping
70,2013,3,3,21,29.0,55.0,27.0,42.0,700.0,47.0,6.9,1010.6,-12.3,0.0,N,0.7,Changping
71,2013,3,3,22,23.0,46.0,25.0,69.0,1300.0,19.0,6.8,1011.2,-11.9,0.0,NE,1.5,Changping
72,2013,3,3,23,30.0,78.0,14.0,24.0,700.0,52.0,8.6,1012.1,-11.4,0.0,NE,2.0,Changping
73,2013,3,4,0,25.0,42.0,30.0,22.0,400.0,57.0,9.2,1013.2,-12.6,0.0,ENE,2.4,Changping
74,2013,3,4,1,16.0,38.0,24.0,13.0,300.0,72.0,7.3,1014.2,-12.5,0.0,NE,2.1,Changping
75,2013,3,4,2,8.0,31.0,29.0,14.0,300.0,74.0,6.1,1014.4,-13.5,0.0,NW,1.4,Changping
76,2013,3,4,3,6.0,20.0,4.0,10.0,400.0,76.0,6.6,1014.2,-14.8,0.0,N,4.0,Changping
77,2013,3,4,4,7.0,13.0,3.0,10.0,300.0,80.0,4.8,1014.6,-12.2,0.0,NW,2.6,Changping
78,2013,3,4,5,3.0,14.0,31.0,46.0,600.0,38.0,5.4,1015.4,-12.1,0.0,NW,4.7,Changping
79,2013,3,4,6,10.0,24.0,43.0,43.0,500.0,39.0,4.2,1016.1,-12.3,0.0,N,3.0,Changping
80,2013,3,4,7,12.0,28.0,38.0,38.0,700.0,42.0,6.3,1016.8,-12.3,0.0,N,0.8,Changping
81,2013,3,4,8,12.0,32.0,29.0,34.0,700.0,48.0,8.9,1017.4,-12.9,0.0,ENE,1.6,Changping
82,2013,3,4,9,16.0,29.0,21.0,19.0,500.0,65.0,10.2,1017.6,-13.8,0.0,NW,3.8,Changping
83,2013,3,4,10,14.0,23.0,16.0,12.0,400.0,76.0,11.4,1017.1,-14.4,0.0,NNW,4.2,Changping
84,2013,3,4,11,7.0,16.0,7.0,11.0,400.0,80.0,12.7,1016.6,-15.1,0.0,NNW,4.4,Changping
85,2013,3,4,12,8.0,22.0,6.0,9.0,400.0,85.0,14.6,1015.4,-14.6,0.0,NNW,3.5,Changping
86,2013,3,4,13,14.0,16.0,7.0,9.0,400.0,89.0,15.1,1014.2,-15.2,0.0,NNW,3.4,Changping
87,2013,3,4,14,11.0,13.0,14.0,11.0,400.0,91.0,16.1,1013.1,-16.9,0.0,NW,3.0,Changping
88,2013,3,4,15,21.0,24.0,11.0,10.0,400.0,95.0,16.1,1012.5,-16.9,0.0,NW,2.3,Changping
89,2013,3,4,16,10.0,17.0,10.0,12.0,400.0,92.0,14.8,1012.0,-14.4,0.0,SSW,3.3,Changping
90,2013,3,4,17,13.0,15.0,8.0,21.0,400.0,86.0,12.9,1012.4,-14.0,0.0,SSW,2.6,Changping
91,2013,3,4,18,17.0,29.0,14.0,40.0,500.0,81.0,11.3,1012.7,-13.7,0.0,SSW,1.2,Changping
92,2013,3,4,19,32.0,54.0,39.0,63.0,700.0,57.0,8.7,1013.2,-12.5,0.0,ENE,0.5,Changping
93,2013,3,4,20,43.0,71.0,66.0,91.0,1100.0,25.0,5.9,1013.4,-11.7,0.0,ENE,0.2,Changping
94,2013,3,4,21,64.0,99.0,41.0,88.0,1500.0,18.0,4.9,1013.4,-11.7,0.0,ESE,0.8,Changping
95,2013,3,4,22,76.0,123.0,25.0,57.0,1100.0,34.0,4.0,1013.2,-11.6,0.0,E,0.6,Changping
96,2013,3,4,23,54.0,75.0,21.0,43.0,1200.0,95.0,4.2,1012.6,-11.5,0.0,ESE,0.8,Changping
97,2013,3,5,0,57.0,69.0,20.0,37.0,900.0,95.0,2.8,1012.1,-11.2,0.0,ENE,0.4,Changping
98,2013,3,5,1,48.0,57.0,38.0,66.0,1600.0,95.0,1.8,1011.7,-11.0,0.0,NNE,0.6,Changping
99,2013,3,5,2,65.0,99.0,32.0,54.0,1399.0,95.0,0.8,1011.4,-10.7,0.0,N,0.6,Changping
100,2013,3,5,3,60.0,75.0,20.0,36.0,1100.0,95.0,0.2,1011.0,-10.4,0.0,N,0.2,Changping
101,2013,3,5,4,46.0,54.0,40.0,75.0,2299.0,95.0,-0.1,1010.7,-10.1,0.0,N,0.8,Changping
102,2013,3,5,5,72.0,113.0,33.0,61.0,1600.0,95.0,-0.4,1010.9,-9.6,0.0,NNE,0.0,Changping
103,2013,3,5,6,56.0,78.0,31.0,53.0,1100.0,95.0,-1.0,1010.6,-9.4,0.0,NE,0.8,Changping
104,2013,3,5,7,51.0,66.0,34.0,69.0,2000.0,95.0,1.2,1010.4,-9.4,0.0,NE,0.0,Changping
105,2013,3,5,8,68.0,105.0,40.0,66.0,1600.0,95.0,6.0,1010.1,-10.7,0.0,SW,0.8,Changping
106,2013,3,5,9,68.0,92.0,64.0,75.0,1899.0,95.0,7.8,1009.5,-10.6,0.0,SW,1.0,Changping
107,2013,3,5,10,87.0,117.0,81.0,92.0,2000.0,95.0,9.3,1008.7,-9.3,0.0,ESE,1.4,Changping
108,2013,3,5,11,107.0,160.0,66.0,80.0,1500.0,95.0,11.0,1007.8,-9.4,0.0,SW,1.9,Changping
109,2013,3,5,12,109.0,139.0,52.0,65.0,1399.0,55.0,12.1,1006.5,-9.0,0.0,ENE,0.4,Changping
110,2013,3,5,13,118.0,133.0,56.0,55.0,1300.0,95.0,13.2,1005.1,-8.1,0.0,SSW,0.9,Changping
111,2013,3,5,14,126.0,127.0,57.0,60.0,1300.0,95.0,14.1,1004.3,-8.6,0.0,SE,1.7,Changping
112,2013,3,5,15,124.0,129.0,62.0,76.0,1500.0,92.0,13.5,1004.1,-8.4,0.0,SE,0.8,Changping
113,2013,3,5,16,149.0,153.0,59.0,81.0,1500.0,86.0,13.3,1003.9,-8.0,0.0,ESE,1.1,Changping
114,2013,3,5,17,151.0,158.0,74.0,104.0,1600.0,81.0,12.4,1004.5,-8.2,0.0,ESE,1.0,Changping
115,2013,3,5,18,158.0,168.0,64.0,106.0,1700.0,81.0,8.9,1005.0,-7.8,0.0,NE,0.8,Changping
116,2013,3,5,19,161.0,172.0,69.0,123.0,1899.0,81.0,7.7,1005.4,-7.6,0.0,NNE,0.2,Changping
117,2013,3,5,20,173.0,187.0,68.0,127.0,2299.0,81.0,6.3,1005.9,-7.3,0.0,NNE,0.7,Changping
118,2013,3,5,21,191.0,210.0,55.0,94.0,2100.0,81.0,5.6,1006.0,-7.3,0.0,NNE,0.2,Changping
119,2013,3,5,22,181.0,183.0,52.0,78.0,1899.0,81.0,4.9,1005.8,-7.0,0.0,N,1.7,Changping
120,2013,3,5,23,141.0,160.0,50.0,74.0,1899.0,81.0,3.7,1005.7,-6.9,0.0,NE,0.4,Changping
121,2013,3,6,0,152.0,154.0,65.0,115.0,2700.0,81.0,3.9,1005.4,-6.7,0.0,N,2.0,Changping
122,2013,3,6,1,180.0,195.0,52.0,72.0,2000.0,81.0,3.9,1005.3,-6.4,0.0,NE,0.8,Changping
123,2013,3,6,2,146.0,153.0,,100.0,2399.0,81.0,3.5,1004.8,-6.5,0.0,N,0.7,Changping
124,2013,3,6,3,170.0,179.0,55.0,74.0,,81.0,3.7,1004.7,-6.3,0.0,N,1.3,Changping
125,2013,3,6,4,149.0,155.0,59.0,,2500.0,81.0,2.4,1004.7,-6.2,0.0,N,1.0,Changping
126,2013,3,6,5,182.0,202.0,79.0,101.0,2500.0,81.0,2.1,1004.9,-5.8,0.0,N,0.9,Changping
127,2013,3,6,6,182.0,187.0,86.0,94.0,2399.0,81.0,3.1,1005.1,-5.6,0.0,N,0.2,Changping
128,2013,3,6,7,187.0,190.0,82.0,93.0,2700.0,81.0,4.7,1006.2,-4.9,0.0,ESE,0.6,Changping
129,2013,3,6,8,195.0,200.0,86.0,85.0,2299.0,81.0,5.5,1006.2,-4.1,0.0,SW,0.5,Changping
130,2013,3,6,9,193.0,200.0,81.0,86.0,2799.0,81.0,7.2,1006.1,-5.5,0.0,W,0.5,Changping
131,2013,3,6,10,200.0,219.0,109.0,114.0,3600.0,81.0,8.8,1005.8,-5.5,0.0,NNW,0.7,Changping
132,2013,3,6,11,239.0,280.0,123.0,126.0,3700.0,81.0,10.6,1004.6,-5.0,0.0,N,0.9,Changping
133,2013,3,6,12,271.0,324.0,142.0,142.0,3799.0,81.0,12.4,1003.4,-4.7,0.0,NW,0.8,Changping
134,2013,3,6,13,281.0,315.0,118.0,135.0,3399.0,81.0,13.4,1002.5,-4.3,0.0,SE,1.2,Changping
135,2013,3,6,14,263.0,284.0,121.0,152.0,3600.0,81.0,13.6,1001.8,-4.1,0.0,S,2.3,Changping
136,2013,3,6,15,293.0,347.0,118.0,160.0,3299.0,81.0,13.6,1001.9,-3.7,0.0,ESE,2.2,Changping
137,2013,3,6,16,302.0,352.0,112.0,158.0,3100.0,66.0,13.3,1002.2,-3.9,0.0,ESE,1.6,Changping
138,2013,3,6,17,312.0,342.0,107.0,141.0,2700.0,60.0,12.0,1002.7,-3.8,0.0,SE,1.3,Changping
139,2013,3,6,18,280.0,300.0,110.0,135.0,2600.0,39.0,10.6,1003.7,-3.9,0.0,SSW,1.2,Changping
140,2013,3,6,19,265.0,281.0,104.0,137.0,2700.0,37.0,7.1,1004.5,-3.5,0.0,NNW,1.4,Changping
141,2013,3,6,20,268.0,285.0,107.0,136.0,3299.0,37.0,6.2,1004.9,-3.5,0.0,SE,0.7,Changping
142,2013,3,6,21,272.0,281.0,136.0,156.0,4799.0,37.0,5.5,1004.5,-3.6,0.0,ENE,0.6,Changping
143,2013,3,6,22,339.0,394.0,118.0,148.0,5500.0,35.0,4.7,1004.3,-3.6,0.0,E,0.7,Changping
144,2013,3,6,23,326.0,360.0,113.0,140.0,4500.0,30.0,4.5,1004.1,-3.3,0.0,S,0.9,Changping
145,2013,3,7,0,282.0,287.0,98.0,131.0,3899.0,30.0,5.3,1004.2,-3.3,0.0,ENE,0.7,Changping
146,2013,3,7,1,206.0,249.0,77.0,117.0,3399.0,22.0,6.2,1004.2,-3.2,0.0,E,1.4,Changping
147,2013,3,7,2,227.0,228.0,80.0,111.0,3000.0,22.0,3.0,1003.8,-3.8,0.0,SW,0.5,Changping
148,2013,3,7,3,208.0,211.0,72.0,105.0,2899.0,22.0,1.4,1003.6,-4.3,0.0,SW,1.0,Changping
149,2013,3,7,4,198.0,200.0,73.0,110.0,3700.0,22.0,1.3,1003.5,-5.0,0.0,WNW,1.8,Changping
150,2013,3,7,5,201.0,215.0,67.0,108.0,4700.0,22.0,1.0,1003.7,-5.3,0.0,NNE,1.5,Changping
151,2013,3,7,6,202.0,234.0,72.0,102.0,4400.0,22.0,0.2,1003.6,-5.4,0.0,NNE,1.0,Changping
152,2013,3,7,7,175.0,206.0,65.0,95.0,4400.0,22.0,4.9,1003.6,-4.4,0.0,N,0.1,Changping
153,2013,3,7,8,143.0,180.0,114.0,96.0,5099.0,22.0,7.0,1003.4,-3.6,0.0,SSW,1.4,Changping
154,2013,3,7,9,140.0,200.0,92.0,114.0,4599.0,22.0,8.9,1003.2,-3.7,0.0,SSE,1.0,Changping
155,2013,3,7,10,169.0,240.0,138.0,150.0,4200.0,22.0,12.5,1002.1,-5.5,0.0,SE,1.1,Changping
156,2013,3,7,11,225.0,309.0,100.0,111.0,2299.0,22.0,15.0,1000.3,-4.9,0.0,SE,0.8,Changping
157,2013,3,7,12,174.0,183.0,58.0,62.0,1300.0,41.0,16.3,998.4,-4.3,0.0,ESE,1.5,Changping
158,2013,3,7,13,71.0,82.0,46.0,53.0,1100.0,65.0,17.3,996.7,-4.1,0.0,SSW,1.4,Changping
159,2013,3,7,14,83.0,88.0,53.0,98.0,1600.0,65.0,16.6,995.5,-3.5,0.0,ESE,1.2,Changping
160,2013,3,7,15,137.0,133.0,73.0,177.0,2500.0,65.0,16.8,994.7,-3.4,0.0,ENE,1.0,Changping
161,2013,3,7,16,207.0,230.0,81.0,186.0,2899.0,65.0,16.6,994.1,-3.5,0.0,ENE,0.8,Changping
162,2013,3,7,17,258.0,285.0,80.0,163.0,2799.0,65.0,14.5,993.9,-3.3,0.0,NE,0.7,Changping
163,2013,3,7,18,264.0,298.0,77.0,141.0,2500.0,65.0,12.5,994.5,-3.4,0.0,N,0.5,Changping
164,2013,3,7,19,241.0,247.0,105.0,191.0,3200.0,21.0,11.8,994.7,-3.2,0.0,ENE,0.8,Changping
165,2013,3,7,20,256.0,286.0,98.0,199.0,3399.0,65.0,9.8,994.6,-2.8,0.0,NNW,0.6,Changping
166,2013,3,7,21,262.0,282.0,96.0,171.0,3000.0,65.0,7.9,995.1,-3.0,0.0,NNE,1.2,Changping
167,2013,3,7,22,238.0,241.0,82.0,166.0,3799.0,65.0,8.1,995.1,-3.4,0.0,ENE,0.9,Changping
168,2013,3,7,23,249.0,261.0,70.0,145.0,3500.0,65.0,6.8,995.0,-3.2,0.0,NE,1.3,Changping
169,2013,3,8,0,224.0,238.0,60.0,132.0,3200.0,65.0,5.9,995.3,-3.0,0.0,NE,0.0,Changping
170,2013,3,8,1,216.0,227.0,68.0,140.0,5299.0,65.0,4.4,995.6,-3.2,0.0,E,0.8,Changping
171,2013,3,8,2,263.0,292.0,71.0,141.0,6299.0,65.0,4.0,995.2,-3.5,0.0,ENE,0.6,Changping
172,2013,3,8,3,290.0,328.0,68.0,131.0,5000.0,65.0,4.5,994.7,-3.1,0.0,SE,1.4,Changping
173,2013,3,8,4,257.0,273.0,63.0,125.0,4700.0,65.0,16.7,994.9,-5.8,0.0,NW,5.2,Changping
174,2013,3,8,5,233.0,235.0,57.0,105.0,3299.0,65.0,15.4,995.6,-6.2,0.0,SE,0.7,Changping
175,2013,3,8,6,193.0,211.0,30.0,36.0,700.0,65.0,12.7,996.2,-5.4,0.0,ESE,1.7,Changping
176,2013,3,8,7,72.0,135.0,44.0,85.0,1500.0,65.0,14.9,996.7,-5.5,0.0,NE,1.3,Changping
177,2013,3,8,8,79.0,159.0,46.0,84.0,1700.0,65.0,11.2,997.8,-4.1,0.0,ESE,1.7,Changping
178,2013,3,8,9,85.0,182.0,66.0,87.0,2399.0,65.0,14.5,997.9,-2.9,0.0,SSW,1.7,Changping
179,2013,3,8,10,180.0,257.0,59.4048,94.0274,,65.0,17.3,997.3,-3.5,0.0,SE,1.4,Changping
180,2013,3,8,11,207.0,264.0,63.0,96.0,2200.0,65.0,19.3,996.7,-3.6,0.0,ESE,2.1,Changping
181,2013,3,8,12,179.0,222.0,43.0,76.0,1700.0,67.0,20.6,995.8,-3.9,0.0,ESE,2.5,Changping
182,2013,3,8,13,153.0,202.0,37.0,75.0,1500.0,77.0,21.9,994.7,-4.3,0.0,SE,3.0,Changping
183,2013,3,8,14,159.0,244.0,40.0,88.0,1600.0,86.0,17.6,995.0,1.5,0.0,ESE,4.5,Changping
184,2013,3,8,15,443.0,653.0,80.0,141.0,4500.0,107.0,14.8,996.1,0.2,0.0,S,2.5,Changping
185,2013,3,8,16,289.0,438.0,83.0,86.0,2899.0,107.0,13.1,996.5,-0.2,0.0,ESE,4.0,Changping
186,2013,3,8,17,173.0,252.0,73.0,65.0,1899.0,107.0,11.7,996.5,-0.5,0.0,SE,3.4,Changping
187,2013,3,8,18,141.0,213.0,69.0,65.0,1500.0,107.0,10.4,997.4,-1.0,0.0,SE,2.7,Changping
188,2013,3,8,19,112.0,182.0,58.0,62.0,1399.0,107.0,9.4,997.3,-0.8,0.0,ESE,2.7,Changping
189,2013,3,8,20,113.0,158.0,63.0,67.0,1300.0,107.0,8.6,997.1,-1.5,0.0,ESE,2.8,Changping
190,2013,3,8,21,117.0,138.0,62.0,69.0,1100.0,107.0,7.6,996.9,-2.4,0.0,ESE,1.8,Changping
191,2013,3,8,22,99.0,118.0,50.0,59.0,1300.0,107.0,6.8,996.0,-3.2,0.0,ESE,1.3,Changping
192,2013,3,8,23,100.0,132.0,50.0,63.0,1600.0,107.0,5.6,994.5,-3.0,0.0,ESE,0.7,Changping
193,2013,3,9,0,100.0,133.0,56.0,65.0,1700.0,107.0,4.3,993.1,-3.0,0.0,NNE,1.2,Changping
194,2013,3,9,1,96.0,103.0,53.0,50.0,1700.0,107.0,3.9,991.9,-2.5,0.0,NNE,0.0,Changping
195,2013,3,9,2,102.0,132.0,36.0,51.0,1800.0,107.0,3.0,991.2,-2.7,0.0,N,0.7,Changping
196,2013,3,9,3,107.0,128.0,28.0,43.0,1500.0,107.0,2.4,989.8,-2.9,0.0,NNW,1.2,Changping
197,2013,3,9,4,97.0,112.0,33.0,40.0,1399.0,107.0,1.9,988.9,-3.0,0.0,NNE,0.7,Changping
198,2013,3,9,5,104.0,123.0,51.0,73.0,1700.0,107.0,2.0,989.2,-3.3,0.0,NNE,0.5,Changping
199,2013,3,9,6,106.0,128.0,62.0,87.0,1700.0,107.0,1.8,989.0,-3.3,0.0,NNW,0.4,Changping
200,2013,3,9,7,104.0,131.0,65.0,83.0,1899.0,107.0,6.0,990.5,-2.1,0.0,NE,2.4,Changping
201,2013,3,9,8,116.0,162.0,82.0,91.0,2200.0,107.0,14.2,992.3,-1.5,0.0,NE,2.5,Changping
202,2013,3,9,9,142.0,366.0,86.0,63.0,1700.0,107.0,16.8,993.8,-2.3,0.0,NNW,6.2,Changping
203,2013,3,9,10,106.0,579.0,34.0,26.0,900.0,107.0,14.4,996.8,-7.1,0.0,ENE,7.8,Changping
204,2013,3,9,11,28.0,305.0,8.0,11.0,400.0,107.0,12.9,999.1,-11.6,0.0,NE,5.6,Changping
205,2013,3,9,12,35.0,595.0,3.0,4.0,300.0,107.0,10.7,1001.8,-15.8,0.0,NE,4.9,Changping
206,2013,3,9,13,20.0,438.0,3.0,4.0,300.0,107.0,9.6,1003.9,-18.5,0.0,N,6.0,Changping
207,2013,3,9,14,21.0,360.0,3.0,5.0,300.0,107.0,10.3,1005.2,-17.9,0.0,NE,4.5,Changping
208,2013,3,9,15,22.0,260.0,4.0,7.0,300.0,97.0,10.3,1006.3,-17.9,0.0,NE,5.6,Changping
209,2013,3,9,16,9.0,191.0,8.0,8.0,300.0,94.0,9.2,1008.0,-18.8,0.0,NNE,7.1,Changping
210,2013,3,9,17,13.0,196.0,3.0,7.0,300.0,94.0,7.7,1010.2,-20.0,0.0,N,5.1,Changping
211,2013,3,9,18,15.0,110.0,6.0,9.0,300.0,94.0,6.6,1013.1,-19.9,0.0,N,5.2,Changping
212,2013,3,9,19,13.0,83.0,17.0,13.0,400.0,94.0,5.7,1015.1,-19.8,0.0,NNE,3.3,Changping
213,2013,3,9,20,12.0,64.0,13.0,10.0,300.0,94.0,5.0,1017.0,-19.6,0.0,NNE,2.5,Changping
214,2013,3,9,21,8.0,55.0,18.0,12.0,300.0,94.0,4.8,1017.7,-19.7,0.0,NNE,3.3,Changping
215,2013,3,9,22,14.0,29.0,3.0,7.0,400.0,94.0,3.8,1018.1,-19.8,0.0,N,1.2,Changping
216,2013,3,9,23,8.0,22.0,3.0,8.0,400.0,94.0,3.4,1018.0,-20.1,0.0,NE,1.1,Changping
217,2013,3,10,0,12.0,20.0,3.0,10.0,500.0,94.0,4.4,1017.8,-20.1,0.0,NW,2.0,Changping
218,2013,3,10,1,13.0,19.0,7.0,14.0,500.0,94.0,4.9,1018.1,-20.4,0.0,NW,3.0,Changping
219,2013,3,10,2,10.0,11.0,8.0,15.0,600.0,94.0,4.5,1017.9,-20.0,0.0,NW,3.3,Changping
220,2013,3,10,3,3.0,7.0,9.0,24.0,,94.0,4.1,1018.1,-20.3,0.0,NW,2.5,Changping
221,2013,3,10,4,3.0,8.0,11.0,24.0,400.0,94.0,4.7,1018.6,-19.8,0.0,NW,3.0,Changping
222,2013,3,10,5,3.0,14.0,19.0,19.0,300.0,94.0,4.3,1018.8,-20.1,0.0,NW,3.3,Changping
223,2013,3,10,6,10.0,13.0,22.0,20.0,300.0,94.0,3.6,1018.9,-18.6,0.0,ESE,1.2,Changping
224,2013,3,10,7,12.0,18.0,27.0,43.0,500.0,94.0,5.7,1019.8,-19.0,0.0,WNW,3.3,Changping
225,2013,3,10,8,20.0,46.0,31.0,67.0,1100.0,94.0,8.0,1019.8,-18.8,0.0,NW,2.8,Changping
226,2013,3,10,9,16.0,17.0,14.0,31.0,600.0,94.0,9.4,1019.2,-18.7,0.0,NNW,3.2,Changping
227,2013,3,10,10,6.0,10.0,9.0,16.0,400.0,94.0,10.6,1018.4,-16.8,0.0,S,2.5,Changping
228,2013,3,10,11,12.0,32.0,14.0,25.0,400.0,94.0,10.4,1018.1,-16.9,0.0,SE,2.0,Changping
229,2013,3,10,12,21.0,48.0,12.0,24.0,400.0,94.0,11.3,1017.1,-17.2,0.0,S,3.6,Changping
230,2013,3,10,13,20.0,36.0,11.0,20.0,500.0,94.0,12.1,1016.0,-16.5,0.0,SSW,2.8,Changping
231,2013,3,10,14,22.0,37.0,12.0,19.0,400.0,92.0,11.9,1015.1,-15.7,0.0,S,3.7,Changping
232,2013,3,10,15,27.0,45.0,11.0,19.0,400.0,103.0,11.7,1014.7,-15.9,0.0,S,4.2,Changping
233,2013,3,10,16,40.0,69.0,13.0,22.0,400.0,103.0,10.9,1014.5,-14.8,0.0,SSW,1.2,Changping
234,2013,3,10,17,41.0,75.0,30.0,28.0,500.0,103.0,9.5,1014.6,-15.1,0.0,SSW,3.2,Changping
235,2013,3,10,18,47.0,82.0,58.0,44.0,500.0,103.0,8.8,1015.1,-13.6,0.0,ESE,1.6,Changping
236,2013,3,10,19,51.0,102.0,30.0,44.0,600.0,103.0,7.2,1015.5,-13.1,0.0,ESE,1.3,Changping
237,2013,3,10,20,69.0,118.0,29.0,73.0,900.0,103.0,5.8,1015.7,-12.8,0.0,E,0.8,Changping
238,2013,3,10,21,80.0,118.0,35.0,68.0,1100.0,103.0,4.7,1015.7,-12.3,0.0,ENE,1.0,Changping
239,2013,3,10,22,95.0,131.0,42.0,81.0,1300.0,103.0,4.2,1015.5,-12.3,0.0,E,0.0,Changping
240,2013,3,10,23,93.0,127.0,41.0,73.0,1300.0,103.0,2.3,1015.4,-12.4,0.0,ESE,0.8,Changping
241,2013,3,11,0,79.0,107.0,34.0,53.0,1100.0,103.0,1.6,1015.2,-11.6,0.0,E,0.0,Changping
242,2013,3,11,1,69.0,89.0,26.0,38.0,1000.0,103.0,0.5,1015.0,-11.6,0.0,NE,0.5,Changping
243,2013,3,11,2,91.0,137.0,36.0,81.0,2100.0,103.0,0.1,1014.3,-11.3,0.0,NNW,0.9,Changping
244,2013,3,11,3,78.0,102.0,34.0,58.0,1200.0,103.0,-1.4,1014.1,-10.8,0.0,N,0.9,Changping
245,2013,3,11,4,76.0,98.0,32.0,59.0,1300.0,103.0,-2.0,1014.0,-10.8,0.0,NW,1.0,Changping
246,2013,3,11,5,91.0,141.0,31.0,83.0,2299.0,103.0,-1.8,1013.5,-10.9,0.0,ESE,0.6,Changping
247,2013,3,11,6,98.0,164.0,37.0,78.0,2100.0,103.0,-1.7,1014.0,-10.3,0.0,SE,0.6,Changping
248,2013,3,11,7,83.0,109.0,34.0,73.0,1399.0,103.0,-0.2,1014.3,-9.6,0.0,N,1.4,Changping
249,2013,3,11,8,114.0,173.0,53.0,79.0,2299.0,103.0,2.7,1014.2,-10.6,0.0,W,1.0,Changping
250,2013,3,11,9,120.0,186.0,67.0,82.0,2100.0,103.0,4.9,1013.7,-9.7,0.0,SSW,0.9,Changping
251,2013,3,11,10,125.0,180.0,96.0,85.0,1800.0,103.0,6.3,1012.9,-8.4,0.0,SE,2.2,Changping
252,2013,3,11,11,117.0,153.0,70.0,66.0,1399.0,103.0,6.8,1011.7,-8.8,0.0,ESE,1.8,Changping
253,2013,3,11,12,129.0,153.0,78.0,70.0,1500.0,103.0,8.3,1010.4,-9.2,0.0,ESE,0.9,Changping
254,2013,3,11,13,128.0,153.0,75.0,74.0,1399.0,103.0,9.0,1009.2,-8.1,0.0,SE,1.2,Changping
255,2013,3,11,14,150.0,181.0,85.0,97.0,1700.0,103.0,9.8,1007.8,-7.9,0.0,SSW,1.4,Changping
256,2013,3,11,15,152.0,170.0,89.0,102.0,1600.0,103.0,10.0,1007.0,-7.7,0.0,ESE,1.5,Changping
257,2013,3,11,16,150.0,172.0,103.0,105.0,1500.0,96.0,10.0,1006.2,-7.7,0.0,SE,1.8,Changping
258,2013,3,11,17,148.0,173.0,119.0,105.0,1500.0,75.0,9.8,1006.1,-7.0,0.0,ESE,1.9,Changping
259,2013,3,11,18,148.0,187.0,131.0,96.0,1700.0,72.0,9.7,1006.7,-6.2,0.0,SE,1.8,Changping
260,2013,3,11,19,155.0,222.0,160.0,115.0,2000.0,47.0,9.5,1006.9,-6.4,0.0,ESE,1.1,Changping
261,2013,3,11,20,169.0,233.0,164.0,118.0,2299.0,47.0,9.4,1007.2,-6.1,0.0,ESE,1.8,Changping
262,2013,3,11,21,174.0,223.0,146.0,111.0,2200.0,47.0,9.4,1006.7,-3.9,0.0,ESE,1.2,Changping
263,2013,3,11,22,172.0,223.0,115.0,104.0,2000.0,47.0,9.2,1006.1,-3.4,0.0,ESE,1.7,Changping
264,2013,3,11,23,159.0,202.0,84.0,104.0,1700.0,47.0,8.8,1005.0,-4.1,0.0,ESE,2.1,Changping
265,2013,3,12,0,150.0,189.0,74.0,102.0,1600.0,47.0,8.3,1004.4,-4.5,0.0,ESE,1.9,Changping
266,2013,3,12,1,132.0,168.0,64.0,94.0,1500.0,42.0,7.7,1003.7,-4.4,0.0,ESE,1.1,Changping
267,2013,3,12,2,123.0,157.0,58.0,84.0,1600.0,42.0,7.7,1003.7,-4.4,0.0,ENE,0.6,Changping
268,2013,3,12,3,121.0,150.0,65.0,82.0,1500.0,42.0,6.3,1003.2,-1.8,0.0,WNW,0.7,Changping
269,2013,3,12,4,130.0,154.0,65.0,82.0,1600.0,42.0,6.2,1003.1,-1.7,0.0,WSW,0.7,Changping
270,2013,3,12,5,126.0,164.0,54.0,84.0,1899.0,42.0,5.3,1003.2,-0.3,0.2,ESE,1.5,Changping
271,2013,3,12,6,124.0,168.0,56.0,85.0,1800.0,42.0,3.4,1003.6,0.8,1.5,NW,0.6,Changping
272,2013,3,12,7,124.0,125.0,17.0,82.0,1800.0,42.0,3.1,1004.0,1.3,0.3,NNW,1.2,Changping
273,2013,3,12,8,100.0,106.0,16.0,81.0,1700.0,42.0,2.7,1003.8,1.1,0.1,NNE,1.0,Changping
274,2013,3,12,9,122.0,106.0,17.0,75.0,1700.0,42.0,3.1,1003.3,1.6,0.0,SW,0.9,Changping
275,2013,3,12,10,129.0,102.0,16.0,74.0,1700.0,42.0,3.6,1003.6,2.0,0.0,SW,0.0,Changping
276,2013,3,12,11,119.0,137.0,16.0,83.0,2200.0,42.0,3.8,1003.7,1.8,0.0,SE,1.5,Changping
277,2013,3,12,12,150.0,138.0,20.0,81.0,1899.0,42.0,4.4,1003.9,2.3,0.0,W,1.3,Changping
278,2013,3,12,13,136.0,107.0,35.0,78.0,1600.0,34.0,5.0,1003.9,2.2,0.0,NNW,1.5,Changping
279,2013,3,12,14,128.0,139.0,45.0,80.0,1899.0,34.0,5.3,1004.3,2.8,0.0,NNW,1.6,Changping
280,2013,3,12,15,156.0,167.0,34.0,85.0,2000.0,34.0,6.3,1004.2,3.3,0.0,SW,2.1,Changping
281,2013,3,12,16,180.0,188.0,39.0,88.0,2299.0,32.0,6.7,1005.0,3.1,0.0,W,1.1,Changping
282,2013,3,12,17,210.0,188.0,45.0,96.0,2299.0,29.0,6.6,1006.2,3.2,0.0,W,0.0,Changping
283,2013,3,12,18,201.0,174.0,40.0,95.0,2200.0,10.0,5.5,1007.9,3.2,0.0,NE,1.1,Changping
284,2013,3,12,19,203.0,177.0,72.0,95.0,2299.0,8.0,4.0,1009.6,2.3,0.0,NNE,1.8,Changping
285,2013,3,12,20,185.0,192.0,33.0,98.0,2600.0,8.0,4.6,1011.4,-0.4,0.0,NNE,1.1,Changping
286,2013,3,12,21,203.0,193.0,51.0,91.0,2799.0,8.0,5.6,1012.9,-8.7,0.0,NNE,1.5,Changping
287,2013,3,12,22,47.0,47.0,42.0,31.0,700.0,45.0,5.0,1014.1,-10.0,0.0,NE,2.3,Changping
288,2013,3,12,23,9.0,9.0,45.0,16.0,400.0,68.0,4.3,1015.1,-10.6,0.0,NE,1.9,Changping
289,2013,3,13,0,3.0,6.0,37.0,12.0,300.0,74.0,3.0,1016.0,-11.0,0.0,NNE,1.0,Changping
290,2013,3,13,1,13.0,6.0,12.0,6.0,400.0,79.0,2.6,1016.4,-11.7,0.0,NNW,3.0,Changping
291,2013,3,13,2,8.0,8.0,7.0,7.0,400.0,79.0,2.5,1016.4,-11.8,0.0,NNW,3.6,Changping
292,2013,3,13,3,6.0,6.0,5.0,7.0,300.0,80.0,1.6,1016.8,-10.0,0.0,NW,2.0,Changping
293,2013,3,13,4,7.0,11.0,13.0,34.0,400.0,80.0,2.0,1017.5,-10.9,0.0,NW,2.1,Changping
294,2013,3,13,5,3.0,8.0,19.0,38.0,400.0,80.0,0.0,1018.3,-10.8,0.0,NNW,1.5,Changping
295,2013,3,13,6,3.0,10.0,17.0,30.0,500.0,80.0,0.6,1019.3,-11.5,0.0,NE,1.2,Changping
296,2013,3,13,7,3.0,8.0,18.0,37.0,600.0,80.0,3.3,1020.7,-14.9,0.0,NNE,1.6,Changping
297,2013,3,13,8,3.0,6.0,10.0,22.0,400.0,80.0,4.5,1021.8,-18.5,0.0,N,3.6,Changping
298,2013,3,13,9,8.0,6.0,9.0,13.0,300.0,80.0,5.5,1022.0,-18.4,0.0,NW,1.7,Changping
299,2013,3,13,10,3.0,6.0,16.0,12.0,300.0,81.0,6.3,1022.0,-15.1,0.0,NW,3.1,Changping
300,2013,3,13,11,3.0,6.0,6.0,10.0,300.0,85.0,7.4,1021.3,-15.4,0.0,WNW,2.1,Changping
301,2013,3,13,12,3.0,6.0,7.0,10.0,300.0,85.0,8.2,1020.2,-16.2,0.0,WSW,1.2,Changping
302,2013,3,13,13,3.0,6.0,9.0,11.0,300.0,85.0,9.2,1019.4,-16.2,0.0,WNW,4.3,Changping
303,2013,3,13,14,14.0,6.0,8.0,11.0,300.0,88.0,9.6,1018.5,-16.7,0.0,NNW,3.7,Changping
304,2013,3,13,15,3.0,9.0,6.0,11.0,300.0,90.0,10.0,1018.2,-14.0,0.0,SSW,2.9,Changping
305,2013,3,13,16,3.0,6.0,8.0,11.0,300.0,92.0,8.2,1018.4,-13.5,0.0,SE,3.4,Changping
306,2013,3,13,17,17.0,22.0,8.0,19.0,300.0,92.0,7.1,1018.9,-13.2,0.0,SE,2.0,Changping
307,2013,3,13,18,17.0,24.0,11.0,25.0,400.0,92.0,6.1,1019.6,-13.5,0.0,ESE,2.3,Changping
308,2013,3,13,19,26.0,39.0,9.0,35.0,500.0,92.0,5.3,1020.3,-13.2,0.0,ESE,1.7,Changping
309,2013,3,13,20,42.0,48.0,16.0,45.0,700.0,92.0,4.4,1020.8,-12.6,0.0,ESE,0.7,Changping
310,2013,3,13,21,38.0,49.0,15.0,52.0,700.0,92.0,3.5,1021.0,-11.3,0.0,ESE,0.8,Changping
311,2013,3,13,22,39.0,58.0,19.0,67.0,800.0,92.0,1.5,1020.8,-10.0,0.0,ESE,0.8,Changping
312,2013,3,13,23,50.0,64.0,25.0,75.0,1000.0,92.0,1.4,1020.9,-9.3,0.0,ESE,0.8,Changping
313,2013,3,14,0,54.0,64.0,24.0,73.0,1100.0,92.0,2.5,1021.1,-8.8,0.0,ESE,3.0,Changping
314,2013,3,14,1,61.0,77.0,31.0,83.0,1100.0,92.0,1.4,1021.4,-4.7,0.0,ESE,2.9,Changping
315,2013,3,14,2,76.0,112.0,31.0,77.0,1500.0,92.0,0.6,1021.2,-4.8,0.0,ESE,2.8,Changping
316,2013,3,14,3,80.0,88.0,23.0,69.0,,92.0,0.0,1021.0,-5.0,0.0,E,1.2,Changping
317,2013,3,14,4,73.0,75.0,21.0,69.0,1500.0,92.0,-0.4,1021.0,-5.6,0.0,ESE,1.7,Changping
318,2013,3,14,5,58.0,66.0,25.0,54.0,1399.0,92.0,-0.8,1021.3,-5.6,0.0,ESE,1.3,Changping
319,2013,3,14,6,56.0,66.0,28.0,52.0,1300.0,92.0,-1.6,1021.4,-5.3,0.0,WNW,1.4,Changping
320,2013,3,14,7,56.0,71.0,27.0,56.0,1399.0,92.0,-0.5,1021.7,-5.1,0.0,WSW,0.9,Changping
321,2013,3,14,8,80.0,88.0,41.0,60.0,1600.0,92.0,1.1,1021.8,-5.0,0.0,NW,0.6,Changping
322,2013,3,14,9,98.0,121.0,58.0,67.0,1800.0,92.0,2.1,1021.2,-5.1,0.0,WSW,1.0,Changping
323,2013,3,14,10,112.0,131.0,61.0,66.0,1800.0,92.0,3.5,1020.2,-4.9,0.0,SW,1.8,Changping
324,2013,3,14,11,117.0,134.0,68.0,61.0,1500.0,92.0,4.8,1019.0,-4.8,0.0,SSW,2.2,Changping
325,2013,3,14,12,97.0,111.0,51.0,48.0,1300.0,92.0,5.9,1018.2,-4.6,0.0,ESE,1.5,Changping
326,2013,3,14,13,100.0,115.0,43.0,49.0,1300.0,92.0,6.9,1017.1,-4.2,0.0,ESE,2.0,Changping
327,2013,3,14,14,110.0,131.0,43.0,61.0,1399.0,92.0,8.0,1016.1,-3.8,0.0,SE,3.2,Changping
328,2013,3,14,15,144.0,153.0,46.0,81.0,1500.0,92.0,8.2,1015.2,-4.0,0.0,ENE,1.0,Changping
329,2013,3,14,16,158.0,160.0,53.0,87.0,1500.0,86.0,8.3,1014.8,-3.9,0.0,ESE,1.6,Changping
330,2013,3,14,17,152.0,157.0,64.0,87.0,1399.0,77.0,7.8,1014.9,-4.0,0.0,SE,1.1,Changping
331,2013,3,14,18,147.0,152.0,65.0,91.0,1399.0,62.0,7.3,1015.0,-3.9,0.0,ESE,1.6,Changping
332,2013,3,14,19,160.0,169.0,68.0,109.0,1500.0,50.0,6.5,1015.3,-3.5,0.0,ESE,1.0,Changping
333,2013,3,14,20,162.0,173.0,75.0,109.0,1600.0,50.0,3.9,1015.3,-4.1,0.0,ESE,0.0,Changping
334,2013,3,14,21,175.0,179.0,61.0,108.0,1800.0,50.0,3.2,1015.3,-4.1,0.0,E,0.0,Changping
335,2013,3,14,22,158.0,161.0,68.0,95.0,1899.0,50.0,3.4,1015.1,-3.9,0.0,E,0.8,Changping
336,2013,3,14,23,132.0,146.0,58.0,79.0,1700.0,50.0,1.6,1014.9,-3.9,0.0,N,1.4,Changping
1,2013,3,1,0,4.0,4.0,3.0,,200.0,82.0,-2.3,1020.8,-19.7,0.0,E,0.5,Dingling
2,2013,3,1,1,7.0,7.0,3.0,,200.0,80.0,-2.5,1021.3,-19.0,0.0,ENE,0.7,Dingling
3,2013,3,1,2,5.0,5.0,3.0,2.0,200.0,79.0,-3.0,1021.3,-19.9,0.0,ENE,0.2,Dingling
4,2013,3,1,3,6.0,6.0,3.0,,200.0,79.0,-3.6,1021.8,-19.1,0.0,NNE,1.0,Dingling
5,2013,3,1,4,5.0,5.0,3.0,,200.0,81.0,-3.5,1022.3,-19.4,0.0,N,2.1,Dingling
6,2013,3,1,5,6.0,6.0,3.0,4.0,200.0,79.0,-4.5,1022.6,-19.5,0.0,NNW,1.7,Dingling
7,2013,3,1,6,5.0,10.0,3.0,4.0,200.0,77.0,-4.5,1023.4,-19.5,0.0,NNW,1.8,Dingling
8,2013,3,1,7,5.0,6.0,3.0,2.0,200.0,80.0,-2.1,1024.6,-20.0,0.0,NW,2.5,Dingling
9,2013,3,1,8,8.0,7.0,3.0,3.0,200.0,79.0,-0.2,1025.2,-20.5,0.0,NNW,2.8,Dingling
10,2013,3,1,9,8.0,8.0,3.0,2.0,200.0,81.0,0.6,1025.3,-20.4,0.0,NNW,3.8,Dingling
11,2013,3,1,10,8.0,,3.0,,200.0,83.0,2.0,1025.1,-21.3,0.0,N,2.2,Dingling
12,2013,3,1,11,3.0,2.0,3.0,,200.0,83.0,3.6,1024.8,-20.7,0.0,NNE,2.7,Dingling
13,2013,3,1,12,6.0,,3.0,,200.0,85.0,4.8,1023.8,-19.7,0.0,N,3.0,Dingling
14,2013,3,1,13,7.0,7.0,3.0,2.0,200.0,84.0,5.8,1022.8,-20.6,0.0,NE,4.4,Dingling
15,2013,3,1,14,6.0,7.0,3.0,,200.0,89.0,5.9,1022.6,-20.5,0.0,N,3.6,Dingling
16,2013,3,1,15,10.0,10.0,3.0,,200.0,88.0,6.0,1022.6,-20.4,0.0,N,3.2,Dingling
17,2013,3,1,16,3.0,6.0,3.0,,200.0,87.0,5.4,1022.8,-20.0,0.0,NE,2.2,Dingling
18,2013,3,1,17,5.0,5.0,3.0,,200.0,87.0,3.5,1023.4,-20.8,0.0,ENE,2.0,Dingling
19,2013,3,1,18,5.0,6.0,3.0,,200.0,85.0,2.7,1024.2,-20.0,0.0,NE,3.6,Dingling
20,2013,3,1,19,14.0,6.0,3.0,,200.0,83.0,2.0,1025.1,-19.3,0.0,ENE,1.7,Dingling
21,2013,3,1,20,6.0,7.0,3.0,,200.0,83.0,1.1,1025.9,-18.3,0.0,NE,1.7,Dingling
22,2013,3,1,21,9.0,7.0,3.0,,200.0,82.0,1.6,1026.7,-17.4,0.0,E,2.3,Dingling
23,2013,3,1,22,6.0,5.0,3.0,,200.0,79.0,0.4,1027.2,-17.4,0.0,E,0.0,Dingling
24,2013,3,1,23,6.0,9.0,3.0,2.0,300.0,72.0,0.3,1027.0,-16.6,0.0,NE,1.5,Dingling
25,2013,3,2,0,4.0,7.0,3.0,2.0,200.0,74.0,-0.5,1027.4,-16.4,0.0,SW,3.0,Dingling
26,2013,3,2,1,6.0,6.0,3.0,2.0,200.0,75.0,-1.8,1027.9,-16.7,0.0,SSW,0.9,Dingling
27,2013,3,2,2,7.0,2.0,13.0,39.0,800.0,36.0,-1.7,1027.7,-17.4,0.0,SSW,1.5,Dingling
28,2013,3,2,3,28.0,47.0,21.0,71.0,1200.0,6.0,-2.5,1027.7,-17.4,0.0,SW,1.7,Dingling
29,2013,3,2,4,31.0,65.0,25.0,71.0,1200.0,5.0,-3.4,1027.5,-17.0,0.0,NW,0.8,Dingling
30,2013,3,2,5,39.0,55.0,22.0,70.0,1200.0,2.0,-3.5,1026.9,-16.8,0.0,N,0.5,Dingling
31,2013,3,2,6,41.0,45.0,16.0,65.0,1000.0,4.0,-3.5,1026.1,-15.8,0.0,NNE,0.9,Dingling
32,2013,3,2,7,52.0,32.0,13.0,56.0,800.0,8.0,-3.3,1026.7,-14.4,0.0,NNW,0.9,Dingling
33,2013,3,2,8,36.0,18.0,16.0,52.0,900.0,12.0,-2.0,1026.4,-15.1,0.0,NNE,1.0,Dingling
34,2013,3,2,9,27.0,41.0,18.0,43.0,900.0,20.0,-0.2,1026.3,-16.6,0.0,WSW,0.5,Dingling
35,2013,3,2,10,29.0,38.0,20.0,35.0,600.0,42.0,0.6,1025.8,-17.2,0.0,SW,1.3,Dingling
36,2013,3,2,11,19.0,12.0,22.0,38.0,600.0,43.0,1.3,1025.4,-17.1,0.0,ESE,1.1,Dingling
37,2013,3,2,12,28.0,32.0,32.0,56.0,700.0,32.0,1.9,1024.2,-17.1,0.0,WSW,1.6,Dingling
38,2013,3,2,13,30.0,41.0,27.0,42.0,600.0,45.0,2.3,1022.6,-17.3,0.0,SE,0.2,Dingling
39,2013,3,2,14,26.0,29.0,30.0,48.0,700.0,43.0,3.0,1021.9,-17.3,0.0,S,0.0,Dingling
40,2013,3,2,15,32.0,36.0,37.0,56.0,800.0,39.0,2.9,1020.9,-16.8,0.0,WSW,1.2,Dingling
41,2013,3,2,16,39.0,44.0,42.0,64.0,900.0,33.0,2.5,1020.6,-17.1,0.0,WNW,0.5,Dingling
42,2013,3,2,17,43.0,54.0,44.0,70.0,900.0,27.0,2.1,1020.2,-16.4,0.0,E,0.7,Dingling
43,2013,3,2,18,48.0,60.0,45.0,80.0,1000.0,19.0,1.5,1020.4,-16.0,0.0,NE,0.7,Dingling
44,2013,3,2,19,46.0,64.0,36.0,80.0,1000.0,11.0,0.3,1020.0,-15.3,0.0,NE,0.6,Dingling
45,2013,3,2,20,45.0,66.0,30.0,79.0,1200.0,6.0,0.0,1019.9,-15.2,0.0,NE,0.2,Dingling
46,2013,3,2,21,50.0,68.0,36.0,82.0,1200.0,4.0,-1.2,1019.7,-13.7,0.0,N,1.0,Dingling
47,2013,3,2,22,56.0,73.0,26.0,76.0,1200.0,4.0,-2.1,1019.1,-13.3,0.0,NNE,0.4,Dingling
48,2013,3,2,23,55.0,66.0,25.0,76.0,1200.0,3.0,-2.2,1018.2,-13.4,0.0,NNE,1.1,Dingling
49,2013,3,3,0,60.0,60.0,26.0,77.0,1200.0,2.0,-2.4,1017.4,-13.0,0.0,N,1.0,Dingling
50,2013,3,3,1,59.0,63.0,21.0,72.0,1100.0,2.0,-3.8,1016.5,-12.2,0.0,NNW,1.4,Dingling
51,2013,3,3,2,52.0,53.0,,69.0,1300.0,3.0,-3.8,1015.1,-12.7,0.0,NNE,0.8,Dingling
52,2013,3,3,3,57.0,57.0,20.0,67.0,,45.0,-4.0,1014.1,-13.4,0.0,NE,0.7,Dingling
53,2013,3,3,4,53.0,48.0,19.0,,1000.0,2.0,-4.8,1013.6,-13.2,0.0,NNE,0.2,Dingling
54,2013,3,3,5,48.0,55.0,19.0,66.0,1100.0,3.0,-5.6,1013.2,-13.0,0.0,ENE,0.5,Dingling
55,2013,3,3,6,53.0,55.0,19.0,69.0,1300.0,2.0,-5.7,1013.2,-13.1,0.0,NE,0.0,Dingling
56,2013,3,3,7,53.0,59.0,15.0,67.0,1000.0,2.0,-3.3,1013.5,-12.8,0.0,NE,0.8,Dingling
57,2013,3,3,8,50.0,56.0,22.0,62.0,1200.0,8.0,-0.3,1012.8,-11.4,0.0,NNW,0.5,Dingling
58,2013,3,3,9,60.0,78.0,33.0,60.0,1500.0,16.0,3.4,1012.5,-12.6,0.0,SSE,0.8,Dingling
59,2013,3,3,10,73.0,87.0,41.0,61.0,1200.0,24.0,6.5,1011.4,-12.2,0.0,SE,2.1,Dingling
60,2013,3,3,11,76.0,101.0,49.0,64.0,1200.0,27.0,9.0,1010.4,-11.6,0.0,ESE,1.4,Dingling
61,2013,3,3,12,75.0,102.0,64.0,75.0,1500.0,27.0,12.2,1009.1,-13.7,0.0,SE,1.8,Dingling
62,2013,3,3,13,92.0,147.0,51.0,58.0,1100.0,38.0,15.6,1007.5,-13.8,0.0,NW,5.4,Dingling
63,2013,3,3,14,79.0,147.0,23.0,27.0,600.0,65.0,16.6,1006.9,-14.1,0.0,NW,5.3,Dingling
64,2013,3,3,15,44.0,105.0,4.0,3.0,200.0,86.0,17.0,1006.8,-14.9,0.0,NW,2.3,Dingling
65,2013,3,3,16,14.0,43.0,3.0,,200.0,88.0,16.1,1006.9,-14.4,0.0,ENE,0.7,Dingling
66,2013,3,3,17,5.0,29.0,3.0,,200.0,87.0,13.9,1007.6,-14.1,0.0,SSE,0.6,Dingling
67,2013,3,3,18,3.0,32.0,3.0,,200.0,84.0,12.4,1009.0,-14.4,0.0,E,0.8,Dingling
68,2013,3,3,19,11.0,46.0,3.0,2.0,200.0,83.0,8.9,1010.0,-13.5,0.0,NW,0.9,Dingling
69,2013,3,3,20,5.0,42.0,3.0,2.0,200.0,82.0,7.7,1010.1,-12.2,0.0,ENE,0.5,Dingling
70,2013,3,3,21,12.0,34.0,3.0,2.0,200.0,79.0,6.9,1010.6,-12.3,0.0,N,0.7,Dingling
71,2013,3,3,22,4.0,31.0,7.0,8.0,500.0,61.0,6.8,1011.2,-11.9,0.0,NE,1.5,Dingling
72,2013,3,3,23,14.0,38.0,4.0,4.0,300.0,68.0,8.6,1012.1,-11.4,0.0,NE,2.0,Dingling
73,2013,3,4,0,13.0,34.0,3.0,,200.0,76.0,9.2,1013.2,-12.6,0.0,ENE,2.4,Dingling
74,2013,3,4,1,10.0,36.0,3.0,,200.0,80.0,7.3,1014.2,-12.5,0.0,NE,2.1,Dingling
75,2013,3,4,2,8.0,28.0,3.0,,200.0,81.0,6.1,1014.4,-13.5,0.0,NW,1.4,Dingling
76,2013,3,4,3,5.0,19.0,3.0,,200.0,84.0,6.6,1014.2,-14.8,0.0,N,4.0,Dingling
77,2013,3,4,4,11.0,4.0,3.0,,200.0,86.0,4.8,1014.6,-12.2,0.0,NW,2.6,Dingling
78,2013,3,4,5,5.0,,3.0,,200.0,87.0,5.4,1015.4,-12.1,0.0,NW,4.7,Dingling
79,2013,3,4,6,8.0,3.0,3.0,4.0,200.0,79.0,4.2,1016.1,-12.3,0.0,N,3.0,Dingling
80,2013,3,4,7,7.0,19.0,8.0,7.0,300.0,71.0,6.3,1016.8,-12.3,0.0,N,0.8,Dingling
81,2013,3,4,8,4.0,15.0,10.0,8.0,300.0,69.0,8.9,1017.4,-12.9,0.0,ENE,1.6,Dingling
82,2013,3,4,9,5.0,16.0,13.0,8.0,300.0,70.0,10.2,1017.6,-13.8,0.0,NW,3.8,Dingling
83,2013,3,4,10,8.0,17.0,13.0,7.0,300.0,74.0,11.4,1017.1,-14.4,0.0,NNW,4.2,Dingling
84,2013,3,4,11,7.0,11.0,6.0,4.0,300.0,80.0,12.7,1016.6,-15.1,0.0,NNW,4.4,Dingling
85,2013,3,4,12,5.0,6.0,5.0,3.0,200.0,84.0,14.6,1015.4,-14.6,0.0,NNW,3.5,Dingling
86,2013,3,4,13,10.0,7.0,6.0,4.0,300.0,86.0,15.1,1014.2,-15.2,0.0,NNW,3.4,Dingling
87,2013,3,4,14,13.0,11.0,10.0,6.0,300.0,88.0,16.1,1013.1,-16.9,0.0,NW,3.0,Dingling
88,2013,3,4,15,16.0,18.0,9.0,6.0,300.0,91.0,16.1,1012.5,-16.9,0.0,NW,2.3,Dingling
89,2013,3,4,16,18.0,20.0,6.0,6.0,300.0,90.0,14.8,1012.0,-14.4,0.0,SSW,3.3,Dingling
90,2013,3,4,17,18.0,16.0,5.0,5.0,300.0,92.0,12.9,1012.4,-14.0,0.0,SSW,2.6,Dingling
91,2013,3,4,18,10.0,10.0,12.0,30.0,600.0,79.0,11.3,1012.7,-13.7,0.0,SSW,1.2,Dingling
92,2013,3,4,19,39.0,80.0,19.0,46.0,800.0,63.0,8.7,1013.2,-12.5,0.0,ENE,0.5,Dingling
93,2013,3,4,20,41.0,80.0,18.0,44.0,900.0,49.0,5.9,1013.4,-11.7,0.0,ENE,0.2,Dingling
94,2013,3,4,21,60.0,74.0,18.0,38.0,800.0,50.0,4.9,1013.4,-11.7,0.0,ESE,0.8,Dingling
95,2013,3,4,22,50.0,71.0,22.0,38.0,1000.0,45.0,4.0,1013.2,-11.6,0.0,E,0.6,Dingling
96,2013,3,4,23,50.0,70.0,19.0,33.0,900.0,92.0,4.2,1012.6,-11.5,0.0,ESE,0.8,Dingling
97,2013,3,5,0,52.0,64.0,18.0,30.0,800.0,92.0,2.8,1012.1,-11.2,0.0,ENE,0.4,Dingling
98,2013,3,5,1,56.0,58.0,14.0,25.0,800.0,92.0,1.8,1011.7,-11.0,0.0,NNE,0.6,Dingling
99,2013,3,5,2,50.0,54.0,16.0,26.0,700.0,92.0,0.8,1011.4,-10.7,0.0,N,0.6,Dingling
100,2013,3,5,3,88.0,54.0,16.0,30.0,800.0,92.0,0.2,1011.0,-10.4,0.0,N,0.2,Dingling
101,2013,3,5,4,53.0,57.0,15.0,30.0,800.0,92.0,-0.1,1010.7,-10.1,0.0,N,0.8,Dingling
102,2013,3,5,5,46.0,55.0,13.0,23.0,700.0,92.0,-0.4,1010.9,-9.6,0.0,NNE,0.0,Dingling
103,2013,3,5,6,43.0,50.0,15.0,26.0,600.0,92.0,-1.0,1010.6,-9.4,0.0,NE,0.8,Dingling
104,2013,3,5,7,47.0,57.0,17.0,38.0,700.0,92.0,1.2,1010.4,-9.4,0.0,NE,0.0,Dingling
105,2013,3,5,8,52.0,64.0,16.0,33.0,700.0,92.0,6.0,1010.1,-10.7,0.0,SW,0.8,Dingling
106,2013,3,5,9,52.0,72.0,23.0,30.0,800.0,92.0,7.8,1009.5,-10.6,0.0,SW,1.0,Dingling
107,2013,3,5,10,69.0,90.0,30.0,46.0,1000.0,92.0,9.3,1008.7,-9.3,0.0,ESE,1.4,Dingling
108,2013,3,5,11,79.0,95.0,51.0,76.0,1300.0,92.0,11.0,1007.8,-9.4,0.0,SW,1.9,Dingling
109,2013,3,5,12,102.0,138.0,74.0,100.0,1600.0,30.0,12.1,1006.5,-9.0,0.0,ENE,0.4,Dingling
110,2013,3,5,13,126.0,164.0,55.0,70.0,1300.0,92.0,13.2,1005.1,-8.1,0.0,SSW,0.9,Dingling
111,2013,3,5,14,131.0,150.0,50.0,61.0,1200.0,92.0,14.1,1004.3,-8.6,0.0,SE,1.7,Dingling
112,2013,3,5,15,139.0,142.0,59.0,64.0,1399.0,92.0,13.5,1004.1,-8.4,0.0,SE,0.8,Dingling
113,2013,3,5,16,152.0,173.0,58.0,79.0,1399.0,92.0,13.3,1003.9,-8.0,0.0,ESE,1.1,Dingling
114,2013,3,5,17,154.0,181.0,62.0,99.0,1600.0,82.0,12.4,1004.5,-8.2,0.0,ESE,1.0,Dingling
115,2013,3,5,18,165.0,194.0,59.0,100.0,1600.0,82.0,8.9,1005.0,-7.8,0.0,NE,0.8,Dingling
116,2013,3,5,19,179.0,200.0,50.0,96.0,1600.0,82.0,7.7,1005.4,-7.6,0.0,NNE,0.2,Dingling
117,2013,3,5,20,172.0,180.0,43.0,94.0,1899.0,82.0,6.3,1005.9,-7.3,0.0,NNE,0.7,Dingling
118,2013,3,5,21,179.0,191.0,38.0,80.0,1700.0,82.0,5.6,1006.0,-7.3,0.0,NNE,0.2,Dingling
119,2013,3,5,22,173.0,168.0,39.0,73.0,1800.0,82.0,4.9,1005.8,-7.0,0.0,N,1.7,Dingling
120,2013,3,5,23,170.0,162.0,42.0,72.0,1700.0,82.0,3.7,1005.7,-6.9,0.0,NE,0.4,Dingling
121,2013,3,6,0,166.0,153.0,40.0,66.0,1800.0,82.0,3.9,1005.4,-6.7,0.0,N,2.0,Dingling
122,2013,3,6,1,173.0,154.0,38.0,58.0,1500.0,82.0,3.9,1005.3,-6.4,0.0,NE,0.8,Dingling
123,2013,3,6,2,161.0,140.0,41.0,61.0,1600.0,82.0,3.5,1004.8,-6.5,0.0,N,0.7,Dingling
124,2013,3,6,3,161.0,143.0,47.0,68.0,1600.0,82.0,3.7,1004.7,-6.3,0.0,N,1.3,Dingling
125,2013,3,6,4,163.0,150.0,49.0,69.0,1600.0,82.0,2.4,1004.7,-6.2,0.0,N,1.0,Dingling
126,2013,3,6,5,166.0,155.0,52.0,62.0,1600.0,82.0,2.1,1004.9,-5.8,0.0,N,0.9,Dingling
127,2013,3,6,6,172.0,164.0,51.0,55.0,1600.0,82.0,3.1,1005.1,-5.6,0.0,N,0.2,Dingling
128,2013,3,6,7,176.0,173.0,66.0,61.0,1700.0,82.0,4.7,1006.2,-4.9,0.0,ESE,0.6,Dingling
129,2013,3,6,8,183.0,178.0,66.0,61.0,1700.0,82.0,5.5,1006.2,-4.1,0.0,SW,0.5,Dingling
130,2013,3,6,9,195.0,201.0,61.0,66.0,1899.0,82.0,7.2,1006.1,-5.5,0.0,W,0.5,Dingling
131,2013,3,6,10,200.0,206.0,68.0,71.0,2000.0,82.0,8.8,1005.8,-5.5,0.0,NNW,0.7,Dingling
132,2013,3,6,11,217.0,218.0,93.0,106.0,2500.0,82.0,10.6,1004.6,-5.0,0.0,N,0.9,Dingling
133,2013,3,6,12,268.0,278.0,93.0,116.0,2500.0,82.0,12.4,1003.4,-4.7,0.0,NW,0.8,Dingling
134,2013,3,6,13,258.0,274.0,89.0,100.0,2100.0,82.0,13.4,1002.5,-4.3,0.0,SE,1.2,Dingling
135,2013,3,6,14,221.0,217.0,98.0,82.0,1800.0,82.0,13.6,1001.8,-4.1,0.0,S,2.3,Dingling
136,2013,3,6,15,195.0,222.0,95.0,139.0,3000.0,75.0,13.6,1001.9,-3.7,0.0,ESE,2.2,Dingling
137,2013,3,6,16,294.0,351.0,88.0,139.0,2700.0,69.0,13.3,1002.2,-3.9,0.0,ESE,1.6,Dingling
138,2013,3,6,17,288.0,330.0,84.0,118.0,2399.0,69.0,12.0,1002.7,-3.8,0.0,SE,1.3,Dingling
139,2013,3,6,18,267.0,288.0,90.0,116.0,2299.0,52.0,10.6,1003.7,-3.9,0.0,SSW,1.2,Dingling
140,2013,3,6,19,269.0,274.0,87.0,139.0,2500.0,52.0,7.1,1004.5,-3.5,0.0,NNW,1.4,Dingling
141,2013,3,6,20,280.0,284.0,78.0,141.0,3299.0,52.0,6.2,1004.9,-3.5,0.0,SE,0.7,Dingling
142,2013,3,6,21,306.0,317.0,83.0,144.0,3100.0,52.0,5.5,1004.5,-3.6,0.0,ENE,0.6,Dingling
143,2013,3,6,22,284.0,285.0,76.0,140.0,2700.0,52.0,4.7,1004.3,-3.6,0.0,E,0.7,Dingling
144,2013,3,6,23,236.0,245.0,77.0,134.0,2500.0,52.0,4.5,1004.1,-3.3,0.0,S,0.9,Dingling
145,2013,3,7,0,223.0,228.0,83.0,134.0,2299.0,52.0,5.3,1004.2,-3.3,0.0,ENE,0.7,Dingling
146,2013,3,7,1,196.0,197.0,69.0,114.0,1899.0,52.0,6.2,1004.2,-3.2,0.0,E,1.4,Dingling
147,2013,3,7,2,150.0,149.0,,74.0,1300.0,52.0,3.0,1003.8,-3.8,0.0,SW,0.5,Dingling
148,2013,3,7,3,91.0,85.0,32.0,46.0,,52.0,1.4,1003.6,-4.3,0.0,SW,1.0,Dingling
149,2013,3,7,4,61.0,61.0,24.0,,900.0,52.0,1.3,1003.5,-5.0,0.0,WNW,1.8,Dingling
150,2013,3,7,5,50.0,40.0,20.0,26.0,500.0,52.0,1.0,1003.7,-5.3,0.0,NNE,1.5,Dingling
151,2013,3,7,6,26.0,13.0,19.0,26.0,400.0,52.0,0.2,1003.6,-5.4,0.0,NNE,1.0,Dingling
152,2013,3,7,7,19.0,13.0,18.0,31.0,600.0,52.0,4.9,1003.6,-4.4,0.0,N,0.1,Dingling
153,2013,3,7,8,33.0,29.0,20.0,28.0,600.0,52.0,7.0,1003.4,-3.6,0.0,SSW,1.4,Dingling
154,2013,3,7,9,28.0,39.0,22.0,34.0,900.0,52.0,8.9,1003.2,-3.7,0.0,SSE,1.0,Dingling
155,2013,3,7,10,47.0,74.0,58.0,102.0,2399.0,52.0,12.5,1002.1,-5.5,0.0,SE,1.1,Dingling
156,2013,3,7,11,134.0,204.0,107.0,157.0,3500.0,52.0,15.0,1000.3,-4.9,0.0,SE,0.8,Dingling
157,2013,3,7,12,224.0,294.0,72.0,98.0,1899.0,52.0,16.3,998.4,-4.3,0.0,ESE,1.5,Dingling
158,2013,3,7,13,153.0,160.0,36.0,44.0,900.0,63.0,17.3,996.7,-4.1,0.0,SSW,1.4,Dingling
159,2013,3,7,14,74.0,52.0,30.0,43.0,900.0,75.0,16.6,995.5,-3.5,0.0,ESE,1.2,Dingling
160,2013,3,7,15,75.0,83.0,49.0,128.0,1800.0,75.0,16.8,994.7,-3.4,0.0,ENE,1.0,Dingling
161,2013,3,7,16,149.0,182.0,68.0,182.0,2500.0,75.0,16.6,994.1,-3.5,0.0,ENE,0.8,Dingling
162,2013,3,7,17,223.0,260.0,74.0,180.0,2700.0,75.0,14.5,993.9,-3.3,0.0,NE,0.7,Dingling
163,2013,3,7,18,258.0,282.0,64.0,156.0,2500.0,75.0,12.5,994.5,-3.4,0.0,N,0.5,Dingling
164,2013,3,7,19,244.0,266.0,58.0,172.0,2700.0,34.0,11.8,994.7,-3.2,0.0,ENE,0.8,Dingling
165,2013,3,7,20,253.0,285.0,52.0,147.0,2500.0,75.0,9.8,994.6,-2.8,0.0,NNW,0.6,Dingling
166,2013,3,7,21,240.0,244.0,45.0,126.0,2500.0,75.0,7.9,995.1,-3.0,0.0,NNE,1.2,Dingling
167,2013,3,7,22,224.0,226.0,41.0,105.0,2200.0,75.0,8.1,995.1,-3.4,0.0,ENE,0.9,Dingling
168,2013,3,7,23,219.0,203.0,38.0,87.0,2000.0,75.0,6.8,995.0,-3.2,0.0,NE,1.3,Dingling
169,2013,3,8,0,189.0,189.0,36.0,72.0,1899.0,75.0,5.9,995.3,-3.0,0.0,NE,0.0,Dingling
170,2013,3,8,1,248.0,190.0,33.0,60.0,1700.0,75.0,4.4,995.6,-3.2,0.0,E,0.8,Dingling
171,2013,3,8,2,167.0,182.0,26.0,84.0,1600.0,75.0,4.0,995.2,-3.5,0.0,ENE,0.6,Dingling
172,2013,3,8,3,137.0,164.0,26.0,76.0,1800.0,75.0,4.5,994.7,-3.1,0.0,SE,1.4,Dingling
173,2013,3,8,4,133.0,146.0,18.0,34.0,700.0,75.0,16.7,994.9,-5.8,0.0,NW,5.2,Dingling
174,2013,3,8,5,79.0,100.0,8.0,7.0,300.0,75.0,15.4,995.6,-6.2,0.0,SE,0.7,Dingling
175,2013,3,8,6,41.0,160.0,8.0,9.0,300.0,75.0,12.7,996.2,-5.4,0.0,ESE,1.7,Dingling
176,2013,3,8,7,37.0,129.0,9.0,10.0,300.0,75.0,14.9,996.7,-5.5,0.0,NE,1.3,Dingling
177,2013,3,8,8,38.0,137.0,15.0,26.0,400.0,75.0,11.2,997.8,-4.1,0.0,ESE,1.7,Dingling
178,2013,3,8,9,48.0,149.0,18.0,30.0,700.0,75.0,14.5,997.9,-2.9,0.0,SSW,1.7,Dingling
179,2013,3,8,10,122.0,175.0,31.7016,50.0932,,75.0,17.3,997.3,-3.5,0.0,SE,1.4,Dingling
180,2013,3,8,11,166.0,277.0,43.0,85.0,1700.0,75.0,19.3,996.7,-3.6,0.0,ESE,2.1,Dingling
181,2013,3,8,12,108.0,172.0,28.0,48.0,900.0,75.0,20.6,995.8,-3.9,0.0,ESE,2.5,Dingling
182,2013,3,8,13,111.0,212.0,27.0,50.0,1000.0,82.0,21.9,994.7,-4.3,0.0,SE,3.0,Dingling
183,2013,3,8,14,146.0,240.0,35.0,91.0,1399.0,82.0,17.6,995.0,1.5,0.0,ESE,4.5,Dingling
184,2013,3,8,15,410.0,631.0,56.0,142.0,3700.0,107.0,14.8,996.1,0.2,0.0,S,2.5,Dingling
185,2013,3,8,16,405.0,582.0,83.0,126.0,4900.0,107.0,13.1,996.5,-0.2,0.0,ESE,4.0,Dingling
186,2013,3,8,17,190.0,311.0,60.0,74.0,2100.0,107.0,11.7,996.5,-0.5,0.0,SE,3.4,Dingling
187,2013,3,8,18,173.0,244.0,49.0,57.0,1600.0,107.0,10.4,997.4,-1.0,0.0,SE,2.7,Dingling
188,2013,3,8,19,118.0,216.0,39.0,46.0,1300.0,107.0,9.4,997.3,-0.8,0.0,ESE,2.7,Dingling
189,2013,3,8,20,120.0,188.0,48.0,50.0,1100.0,107.0,8.6,997.1,-1.5,0.0,ESE,2.8,Dingling
190,2013,3,8,21,113.0,156.0,45.0,46.0,1200.0,107.0,7.6,996.9,-2.4,0.0,ESE,1.8,Dingling
191,2013,3,8,22,104.0,134.0,32.0,42.0,1200.0,107.0,6.8,996.0,-3.2,0.0,ESE,1.3,Dingling
192,2013,3,8,23,105.0,124.0,25.0,47.0,1300.0,107.0,5.6,994.5,-3.0,0.0,ESE,0.7,Dingling
193,2013,3,9,0,108.0,123.0,23.0,55.0,1300.0,107.0,4.3,993.1,-3.0,0.0,NNE,1.2,Dingling
194,2013,3,9,1,111.0,145.0,17.0,48.0,1300.0,107.0,3.9,991.9,-2.5,0.0,NNE,0.0,Dingling
195,2013,3,9,2,110.0,135.0,18.0,50.0,1300.0,107.0,3.0,991.2,-2.7,0.0,N,0.7,Dingling
196,2013,3,9,3,194.0,120.0,18.0,45.0,1200.0,107.0,2.4,989.8,-2.9,0.0,NNW,1.2,Dingling
197,2013,3,9,4,101.0,112.0,20.0,40.0,1200.0,107.0,1.9,988.9,-3.0,0.0,NNE,0.7,Dingling
198,2013,3,9,5,106.0,108.0,20.0,34.0,1200.0,107.0,2.0,989.2,-3.3,0.0,NNE,0.5,Dingling
199,2013,3,9,6,54.0,102.0,18.0,28.0,1200.0,107.0,1.8,989.0,-3.3,0.0,NNW,0.4,Dingling
200,2013,3,9,7,99.0,107.0,21.0,28.0,1300.0,107.0,6.0,990.5,-2.1,0.0,NE,2.4,Dingling
201,2013,3,9,8,118.0,202.0,37.0,36.0,1399.0,107.0,14.2,992.3,-1.5,0.0,NE,2.5,Dingling
202,2013,3,9,9,165.0,610.0,63.0,49.0,1399.0,107.0,16.8,993.8,-2.3,0.0,NNW,6.2,Dingling
203,2013,3,9,10,72.0,329.0,17.0,13.0,500.0,107.0,14.4,996.8,-7.1,0.0,ENE,7.8,Dingling
204,2013,3,9,11,22.0,408.0,3.0,,200.0,107.0,12.9,999.1,-11.6,0.0,NE,5.6,Dingling
205,2013,3,9,12,29.0,557.0,3.0,,200.0,107.0,10.7,1001.8,-15.8,0.0,NE,4.9,Dingling
206,2013,3,9,13,32.0,717.0,3.0,,200.0,107.0,9.6,1003.9,-18.5,0.0,N,6.0,Dingling
207,2013,3,9,14,24.0,539.0,3.0,,200.0,107.0,10.3,1005.2,-17.9,0.0,NE,4.5,Dingling
208,2013,3,9,15,16.0,354.0,3.0,,200.0,93.0,10.3,1006.3,-17.9,0.0,NE,5.6,Dingling
209,2013,3,9,16,15.0,230.0,3.0,,200.0,89.0,9.2,1008.0,-18.8,0.0,NNE,7.1,Dingling
210,2013,3,9,17,8.0,147.0,3.0,,200.0,90.0,7.7,1010.2,-20.0,0.0,N,5.1,Dingling
211,2013,3,9,18,3.0,93.0,3.0,,200.0,91.0,6.6,1013.1,-19.9,0.0,N,5.2,Dingling
212,2013,3,9,19,10.0,82.0,3.0,,200.0,91.0,5.7,1015.1,-19.8,0.0,NNE,3.3,Dingling
213,2013,3,9,20,10.0,70.0,3.0,,200.0,91.0,5.0,1017.0,-19.6,0.0,NNE,2.5,Dingling
214,2013,3,9,21,13.0,41.0,3.0,,200.0,91.0,4.8,1017.7,-19.7,0.0,NNE,3.3,Dingling
215,2013,3,9,22,13.0,23.0,3.0,,200.0,91.0,3.8,1018.1,-19.8,0.0,N,1.2,Dingling
216,2013,3,9,23,3.0,14.0,3.0,2.0,200.0,91.0,3.4,1018.0,-20.1,0.0,NE,1.1,Dingling
217,2013,3,10,0,7.0,13.0,3.0,3.0,200.0,91.0,4.4,1017.8,-20.1,0.0,NW,2.0,Dingling
218,2013,3,10,1,12.0,14.0,4.0,8.0,200.0,91.0,4.9,1018.1,-20.4,0.0,NW,3.0,Dingling
219,2013,3,10,2,13.0,7.0,7.0,9.0,200.0,91.0,4.5,1017.9,-20.0,0.0,NW,3.3,Dingling
220,2013,3,10,3,10.0,5.0,7.0,8.0,200.0,91.0,4.1,1018.1,-20.3,0.0,NW,2.5,Dingling
221,2013,3,10,4,13.0,4.0,8.0,8.0,300.0,91.0,4.7,1018.6,-19.8,0.0,NW,3.0,Dingling
222,2013,3,10,5,8.0,8.0,10.0,8.0,300.0,91.0,4.3,1018.8,-20.1,0.0,NW,3.3,Dingling
223,2013,3,10,6,10.0,7.0,12.0,10.0,300.0,91.0,3.6,1018.9,-18.6,0.0,ESE,1.2,Dingling
224,2013,3,10,7,8.0,8.0,12.0,10.0,300.0,91.0,5.7,1019.8,-19.0,0.0,WNW,3.3,Dingling
225,2013,3,10,8,11.0,18.0,10.0,11.0,300.0,91.0,8.0,1019.8,-18.8,0.0,NW,2.8,Dingling
226,2013,3,10,9,18.0,19.0,13.0,13.0,400.0,91.0,9.4,1019.2,-18.7,0.0,NNW,3.2,Dingling
227,2013,3,10,10,7.0,,10.0,7.0,300.0,91.0,10.6,1018.4,-16.8,0.0,S,2.5,Dingling
228,2013,3,10,11,12.0,,9.0,6.0,300.0,91.0,10.4,1018.1,-16.9,0.0,SE,2.0,Dingling
229,2013,3,10,12,16.0,24.0,10.0,13.0,300.0,91.0,11.3,1017.1,-17.2,0.0,S,3.6,Dingling
230,2013,3,10,13,16.0,23.0,10.0,15.0,400.0,91.0,12.1,1016.0,-16.5,0.0,SSW,2.8,Dingling
231,2013,3,10,14,21.0,39.0,12.0,17.0,400.0,91.0,11.9,1015.1,-15.7,0.0,S,3.7,Dingling
232,2013,3,10,15,30.0,37.0,12.0,17.0,400.0,91.0,11.7,1014.7,-15.9,0.0,S,4.2,Dingling
233,2013,3,10,16,33.0,62.0,12.0,21.0,400.0,100.0,10.9,1014.5,-14.8,0.0,SSW,1.2,Dingling
234,2013,3,10,17,37.0,77.0,13.0,22.0,400.0,100.0,9.5,1014.6,-15.1,0.0,SSW,3.2,Dingling
235,2013,3,10,18,42.0,91.0,14.0,26.0,400.0,100.0,8.8,1015.1,-13.6,0.0,ESE,1.6,Dingling
236,2013,3,10,19,53.0,91.0,16.0,32.0,600.0,100.0,7.2,1015.5,-13.1,0.0,ESE,1.3,Dingling
237,2013,3,10,20,61.0,91.0,15.0,27.0,600.0,100.0,5.8,1015.7,-12.8,0.0,E,0.8,Dingling
238,2013,3,10,21,56.0,78.0,14.0,25.0,600.0,100.0,4.7,1015.7,-12.3,0.0,ENE,1.0,Dingling
239,2013,3,10,22,62.0,88.0,18.0,27.0,600.0,100.0,4.2,1015.5,-12.3,0.0,E,0.0,Dingling
240,2013,3,10,23,63.0,89.0,19.0,29.0,700.0,100.0,2.3,1015.4,-12.4,0.0,ESE,0.8,Dingling
241,2013,3,11,0,68.0,89.0,22.0,36.0,800.0,100.0,1.6,1015.2,-11.6,0.0,E,0.0,Dingling
242,2013,3,11,1,68.0,89.0,23.0,36.0,900.0,100.0,0.5,1015.0,-11.6,0.0,NE,0.5,Dingling
243,2013,3,11,2,69.0,88.0,24.0,32.0,800.0,100.0,0.1,1014.3,-11.3,0.0,NNW,0.9,Dingling
244,2013,3,11,3,75.0,83.0,18.0,34.0,,100.0,-1.4,1014.1,-10.8,0.0,N,0.9,Dingling
245,2013,3,11,4,79.0,100.0,23.0,34.0,900.0,100.0,-2.0,1014.0,-10.8,0.0,NW,1.0,Dingling
246,2013,3,11,5,83.0,97.0,16.0,39.0,1000.0,100.0,-1.8,1013.5,-10.9,0.0,ESE,0.6,Dingling
247,2013,3,11,6,85.0,94.0,16.0,42.0,900.0,100.0,-1.7,1014.0,-10.3,0.0,SE,0.6,Dingling
248,2013,3,11,7,80.0,100.0,18.0,48.0,900.0,100.0,-0.2,1014.3,-9.6,0.0,N,1.4,Dingling
249,2013,3,11,8,89.0,116.0,25.0,50.0,1000.0,100.0,2.7,1014.2,-10.6,0.0,W,1.0,Dingling
250,2013,3,11,9,107.0,141.0,31.0,54.0,1100.0,100.0,4.9,1013.7,-9.7,0.0,SSW,0.9,Dingling
251,2013,3,11,10,108.0,145.0,43.0,66.0,1100.0,100.0,6.3,1012.9,-8.4,0.0,SE,2.2,Dingling
252,2013,3,11,11,112.0,152.0,57.0,68.0,1200.0,100.0,6.8,1011.7,-8.8,0.0,ESE,1.8,Dingling
253,2013,3,11,12,113.0,153.0,58.0,68.0,,100.0,8.3,1010.4,-9.2,0.0,ESE,0.9,Dingling
254,2013,3,11,13,132.0,158.0,71.0,66.0,1300.0,100.0,9.0,1009.2,-8.1,0.0,SE,1.2,Dingling
255,2013,3,11,14,130.0,173.0,79.0,83.0,1399.0,100.0,9.8,1007.8,-7.9,0.0,SSW,1.4,Dingling
256,2013,3,11,15,148.0,185.0,89.0,103.0,1600.0,100.0,10.0,1007.0,-7.7,0.0,ESE,1.5,Dingling
257,2013,3,11,16,149.0,184.0,92.0,108.0,1500.0,100.0,10.0,1006.2,-7.7,0.0,SE,1.8,Dingling
258,2013,3,11,17,152.0,179.0,106.0,108.0,1399.0,90.0,9.8,1006.1,-7.0,0.0,ESE,1.9,Dingling
259,2013,3,11,18,149.0,202.0,118.0,98.0,1500.0,76.0,9.7,1006.7,-6.2,0.0,SE,1.8,Dingling
260,2013,3,11,19,152.0,205.0,122.0,103.0,1700.0,73.0,9.5,1006.9,-6.4,0.0,ESE,1.1,Dingling
261,2013,3,11,20,166.0,222.0,131.0,102.0,1899.0,68.0,9.4,1007.2,-6.1,0.0,ESE,1.8,Dingling
262,2013,3,11,21,175.0,222.0,122.0,93.0,1899.0,65.0,9.4,1006.7,-3.9,0.0,ESE,1.2,Dingling
263,2013,3,11,22,173.0,217.0,98.0,83.0,1899.0,56.0,9.2,1006.1,-3.4,0.0,ESE,1.7,Dingling
264,2013,3,11,23,163.0,210.0,85.0,80.0,1700.0,48.0,8.8,1005.0,-4.1,0.0,ESE,2.1,Dingling
265,2013,3,12,0,156.0,187.0,78.0,76.0,1500.0,46.0,8.3,1004.4,-4.5,0.0,ESE,1.9,Dingling
266,2013,3,12,1,150.0,195.0,74.0,83.0,1500.0,46.0,7.7,1003.7,-4.4,0.0,ESE,1.1,Dingling
267,2013,3,12,2,150.0,185.0,60.0,80.0,1399.0,46.0,7.7,1003.7,-4.4,0.0,ENE,0.6,Dingling
268,2013,3,12,3,134.0,176.0,54.0,74.0,1300.0,46.0,6.3,1003.2,-1.8,0.0,WNW,0.7,Dingling
269,2013,3,12,4,127.0,168.0,48.0,68.0,1300.0,46.0,6.2,1003.1,-1.7,0.0,WSW,0.7,Dingling
270,2013,3,12,5,135.0,171.0,39.0,75.0,1399.0,46.0,5.3,1003.2,-0.3,0.2,ESE,1.5,Dingling
271,2013,3,12,6,128.0,186.0,27.0,80.0,1500.0,46.0,3.4,1003.6,0.8,1.5,NW,0.6,Dingling
272,2013,3,12,7,123.0,138.0,26.0,88.0,1700.0,46.0,3.1,1004.0,1.3,0.3,NNW,1.2,Dingling
273,2013,3,12,8,121.0,138.0,10.0,76.0,1500.0,46.0,2.7,1003.8,1.1,0.1,NNE,1.0,Dingling
274,2013,3,12,9,116.0,85.0,8.0,66.0,1399.0,46.0,3.1,1003.3,1.6,0.0,SW,0.9,Dingling
275,2013,3,12,10,114.0,81.0,10.0,59.0,1300.0,46.0,3.6,1003.6,2.0,0.0,SW,0.0,Dingling
276,2013,3,12,11,132.0,106.0,14.0,73.0,1700.0,46.0,3.8,1003.7,1.8,0.0,SE,1.5,Dingling
277,2013,3,12,12,145.0,129.0,20.0,77.0,1800.0,46.0,4.4,1003.9,2.3,0.0,W,1.3,Dingling
278,2013,3,12,13,158.0,144.0,17.0,81.0,1800.0,43.0,5.0,1003.9,2.2,0.0,NNW,1.5,Dingling
279,2013,3,12,14,172.0,143.0,22.0,80.0,1800.0,33.0,5.3,1004.3,2.8,0.0,NNW,1.6,Dingling
280,2013,3,12,15,176.0,148.0,19.0,78.0,1800.0,33.0,6.3,1004.2,3.3,0.0,SW,2.1,Dingling
281,2013,3,12,16,171.0,144.0,21.0,71.0,1899.0,32.0,6.7,1005.0,3.1,0.0,W,1.1,Dingling
282,2013,3,12,17,213.0,181.0,24.0,98.0,2299.0,32.0,6.6,1006.2,3.2,0.0,W,0.0,Dingling
283,2013,3,12,18,221.0,184.0,30.0,102.0,2299.0,21.0,5.5,1007.9,3.2,0.0,NE,1.1,Dingling
284,2013,3,12,19,211.0,184.0,19.0,94.0,2399.0,16.0,4.0,1009.6,2.3,0.0,NNE,1.8,Dingling
285,2013,3,12,20,186.0,135.0,18.0,83.0,2299.0,16.0,4.6,1011.4,-0.4,0.0,NNE,1.1,Dingling
286,2013,3,12,21,59.0,59.0,12.0,28.0,800.0,50.0,5.6,1012.9,-8.7,0.0,NNE,1.5,Dingling
287,2013,3,12,22,6.0,6.0,3.0,2.0,200.0,78.0,5.0,1014.1,-10.0,0.0,NE,2.3,Dingling
288,2013,3,12,23,10.0,10.0,3.0,2.0,200.0,81.0,4.3,1015.1,-10.6,0.0,NE,1.9,Dingling
289,2013,3,13,0,3.0,3.0,3.0,2.0,200.0,81.0,3.0,1016.0,-11.0,0.0,NNE,1.0,Dingling
290,2013,3,13,1,7.0,7.0,3.0,2.0,200.0,83.0,2.6,1016.4,-11.7,0.0,NNW,3.0,Dingling
291,2013,3,13,2,9.0,9.0,3.0,3.0,200.0,83.0,2.5,1016.4,-11.8,0.0,NNW,3.6,Dingling
292,2013,3,13,3,3.0,3.0,4.0,6.0,200.0,83.0,1.6,1016.8,-10.0,0.0,NW,2.0,Dingling
293,2013,3,13,4,3.0,3.0,3.0,6.0,300.0,83.0,2.0,1017.5,-10.9,0.0,NW,2.1,Dingling
294,2013,3,13,5,12.0,6.0,6.0,11.0,200.0,83.0,0.0,1018.3,-10.8,0.0,NNW,1.5,Dingling
295,2013,3,13,6,9.0,3.0,6.0,13.0,300.0,83.0,0.6,1019.3,-11.5,0.0,NE,1.2,Dingling
296,2013,3,13,7,3.0,3.0,4.0,8.0,200.0,83.0,3.3,1020.7,-14.9,0.0,NNE,1.6,Dingling
297,2013,3,13,8,3.0,3.0,3.0,2.0,200.0,83.0,4.5,1021.8,-18.5,0.0,N,3.6,Dingling
298,2013,3,13,9,10.0,10.0,3.0,,200.0,83.0,5.5,1022.0,-18.4,0.0,NW,1.7,Dingling
299,2013,3,13,10,10.0,10.0,3.0,,200.0,86.0,6.3,1022.0,-15.1,0.0,NW,3.1,Dingling
300,2013,3,13,11,3.0,6.0,3.0,,200.0,86.0,7.4,1021.3,-15.4,0.0,WNW,2.1,Dingling
301,2013,3,13,12,3.0,6.0,3.0,2.0,,86.0,8.2,1020.2,-16.2,0.0,WSW,1.2,Dingling
302,2013,3,13,13,3.0,58.0,8.0,8.0,200.0,86.0,9.2,1019.4,-16.2,0.0,WNW,4.3,Dingling
303,2013,3,13,14,13.0,28.0,8.0,6.0,200.0,86.0,9.6,1018.5,-16.7,0.0,NNW,3.7,Dingling
304,2013,3,13,15,8.0,17.0,7.0,6.0,200.0,87.0,10.0,1018.2,-14.0,0.0,SSW,2.9,Dingling
305,2013,3,13,16,12.0,14.0,7.0,6.0,200.0,89.0,8.2,1018.4,-13.5,0.0,SE,3.4,Dingling
306,2013,3,13,17,15.0,18.0,6.0,8.0,200.0,89.0,7.1,1018.9,-13.2,0.0,SE,2.0,Dingling
307,2013,3,13,18,18.0,29.0,6.0,14.0,300.0,89.0,6.1,1019.6,-13.5,0.0,ESE,2.3,Dingling
308,2013,3,13,19,22.0,31.0,6.0,20.0,300.0,89.0,5.3,1020.3,-13.2,0.0,ESE,1.7,Dingling
309,2013,3,13,20,27.0,28.0,6.0,22.0,400.0,89.0,4.4,1020.8,-12.6,0.0,ESE,0.7,Dingling
310,2013,3,13,21,7.0,23.0,5.0,18.0,300.0,89.0,3.5,1021.0,-11.3,0.0,ESE,0.8,Dingling
311,2013,3,13,22,25.0,26.0,8.0,24.0,500.0,89.0,1.5,1020.8,-10.0,0.0,ESE,0.8,Dingling
312,2013,3,13,23,35.0,26.0,7.0,29.0,600.0,89.0,1.4,1020.9,-9.3,0.0,ESE,0.8,Dingling
313,2013,3,14,0,41.0,42.0,7.0,37.0,800.0,89.0,2.5,1021.1,-8.8,0.0,ESE,3.0,Dingling
314,2013,3,14,1,44.0,41.0,8.0,38.0,700.0,89.0,1.4,1021.4,-4.7,0.0,ESE,2.9,Dingling
315,2013,3,14,2,44.0,45.0,8.0,39.0,700.0,89.0,0.6,1021.2,-4.8,0.0,ESE,2.8,Dingling
316,2013,3,14,3,47.0,54.0,13.0,50.0,800.0,89.0,0.0,1021.0,-5.0,0.0,E,1.2,Dingling
317,2013,3,14,4,67.0,78.0,16.0,66.0,1200.0,89.0,-0.4,1021.0,-5.6,0.0,ESE,1.7,Dingling
318,2013,3,14,5,74.0,81.0,19.0,66.0,1399.0,89.0,-0.8,1021.3,-5.6,0.0,ESE,1.3,Dingling
319,2013,3,14,6,73.0,82.0,21.0,65.0,1399.0,89.0,-1.6,1021.4,-5.3,0.0,WNW,1.4,Dingling
320,2013,3,14,7,72.0,85.0,23.0,70.0,1500.0,89.0,-0.5,1021.7,-5.1,0.0,WSW,0.9,Dingling
321,2013,3,14,8,83.0,98.0,39.0,70.0,1600.0,89.0,1.1,1021.8,-5.0,0.0,NW,0.6,Dingling
322,2013,3,14,9,95.0,112.0,54.0,67.0,1600.0,89.0,2.1,1021.2,-5.1,0.0,WSW,1.0,Dingling
323,2013,3,14,10,104.0,112.0,44.0,49.0,1399.0,89.0,3.5,1020.2,-4.9,0.0,SW,1.8,Dingling
324,2013,3,14,11,132.0,126.0,37.0,46.0,1399.0,89.0,4.8,1019.0,-4.8,0.0,SSW,2.2,Dingling
325,2013,3,14,12,140.0,133.0,45.0,59.0,1500.0,89.0,5.9,1018.2,-4.6,0.0,ESE,1.5,Dingling
326,2013,3,14,13,130.0,127.0,40.0,52.0,1300.0,89.0,6.9,1017.1,-4.2,0.0,ESE,2.0,Dingling
327,2013,3,14,14,136.0,118.0,36.0,53.0,1300.0,89.0,8.0,1016.1,-3.8,0.0,SE,3.2,Dingling
328,2013,3,14,15,146.0,136.0,39.0,75.0,1399.0,89.0,8.2,1015.2,-4.0,0.0,ENE,1.0,Dingling
329,2013,3,14,16,151.0,149.0,48.0,91.0,1399.0,89.0,8.3,1014.8,-3.9,0.0,ESE,1.6,Dingling
330,2013,3,14,17,146.0,145.0,67.0,83.0,1200.0,84.0,7.8,1014.9,-4.0,0.0,SE,1.1,Dingling
331,2013,3,14,18,142.0,140.0,66.0,83.0,1200.0,72.0,7.3,1015.0,-3.9,0.0,ESE,1.6,Dingling
332,2013,3,14,19,137.0,127.0,47.0,80.0,1200.0,57.0,6.5,1015.3,-3.5,0.0,ESE,1.0,Dingling
333,2013,3,14,20,138.0,127.0,40.0,78.0,1200.0,57.0,3.9,1015.3,-4.1,0.0,ESE,0.0,Dingling
334,2013,3,14,21,153.0,137.0,42.0,78.0,1300.0,56.0,3.2,1015.3,-4.1,0.0,E,0.0,Dingling
335,2013,3,14,22,150.0,140.0,50.0,75.0,1300.0,56.0,3.4,1015.1,-3.9,0.0,E,0.8,Dingling
336,2013,3,14,23,143.0,133.0,53.0,79.0,1300.0,56.0,1.6,1014.9,-3.9,0.0,N,1.4,Dingling
